Программист С++/Qt,100000.0,120000.0,RUR,Барнаул,2022-02-03T18:36:05+0300
Гейм-продюсер,70000.0,150000.0,RUR,Санкт-Петербург,2014-06-03T18:19:37+0400
Программист-разработчик Java/Oracle,35000.0,40000.0,RUR,Тольятти,2021-01-15T10:06:04+0300
PHP-разработчик,32000.0,69000.0,RUR,Самара,2020-10-13T10:28:32+0300
Ведущий специалист в отдел проектов (Программист 1С) / Руководитель проектов (Работа в Краснодаре),27000.0,55000.0,RUR,Верхняя Пышма,2013-06-01T21:49:02+0400
Менеджер логист в офис,30000.0,150000.0,RUR,Краснодар,2019-04-03T16:18:03+0300
Менеджер интернет-магазина,40000.0,45000.0,RUR,Химки,2018-09-22T20:06:48+0300
Менеджер интернет-магазина,12000.0,12000.0,RUR,Ставрополь,2018-02-26T10:03:50+0300
Менеджер по продажам (удаленно),40000.0,75000.0,RUR,Электросталь,2021-05-26T16:06:08+0300
Маркетолог,100000.0,100000.0,RUR,Москва,2018-01-30T12:57:21+0300
C# разработчик,60000.0,120000.0,RUR,Нижний Новгород,2018-09-26T18:08:18+0300
SEO-специалист / Крауд-маркетолог,100000.0,150000.0,RUR,Москва,2019-10-25T14:21:37+0300
Контент-менеджер,33500.0,39500.0,RUR,Москва,2014-07-17T08:23:46+0400
Full Stack Middle+ разработчик,120000.0,140000.0,RUR,Троицк (Московская область),2020-02-13T19:46:58+0300
Специалист по обновлению программного обеспечения,25000.0,35000.0,RUR,Москва,2013-03-13T10:24:26+0400
Front-end разработчик → data engineer,60000.0,120000.0,RUR,Саратов,2019-09-27T11:29:19+0300
Специалист службы поддержки/Контент-менеджер,20000.0,40000.0,RUR,Майкоп,2016-01-14T20:20:03+0300
Консультант по продажам,30000.0,100000.0,RUR,Горячий Ключ,2015-10-23T13:08:19+0300
Копирайтер,35000.0,50000.0,RUR,Москва,2017-02-20T20:10:34+0300
Инженер связи,50000.0,70000.0,RUR,Белгород,2020-08-18T15:29:33+0300
Менеджер по продажам web-сервиса,6000.0,15000.0,RUR,Тула,2012-03-03T21:58:16+0400
Оператор на телефоне RTM,20000.0,60000.0,RUR,Московский,2015-07-07T10:03:20+0300
Системный администратор,25000.0,50000.0,RUR,Волгоград,2018-03-13T10:42:38+0300
QA Engineer,35000.0,100000.0,RUR,Санкт-Петербург,2018-04-11T13:39:13+0300
Ведущий специалист IT,55000.0,60000.0,RUR,Кемерово,2022-03-13T14:44:29+0300
Оператор,22000.0,26000.0,RUR,Пятигорск,2019-02-13T12:03:55+0300
Оператор Call-центра в ночную смену,10000.0,12000.0,RUR,Ростов-на-Дону,2013-05-03T12:58:36+0400
Frontend Developer (JavaScript\Vue),60000.0,100000.0,RUR,Нижний Новгород,2022-06-21T12:37:11+0300
IT-специалист,40000.0,55000.0,RUR,Нижнекамск,2019-03-11T15:56:19+0300
Специалист по сохранению клиентов,24000.0,33000.0,RUR,Москва,2013-07-12T16:48:56+0400
Менеджер по продажам (телемаркетинг),35000.0,65000.0,RUR,Москва,2015-06-23T17:08:25+0300
Главный разработчик JAVA (мобильное приложение),190000.0,207000.0,RUR,Москва,2019-08-05T15:00:42+0300
Специалист по маркетингу и рекламе,70000.0,80000.0,RUR,Москва,2020-02-28T18:08:38+0300
Back-end разработчик / специалист,55000.0,75000.0,RUR,Москва,2014-03-30T08:29:46+0400
Инженер Service Desk,30000.0,35000.0,RUR,Санкт-Петербург,2008-07-28T11:05:46+0400
"Программист PHP, html, bitrix",85000.0,85000.0,RUR,Новосибирск,2020-03-04T09:34:09+0300
Инженер сотовых телефонов,20000.0,25000.0,RUR,Барнаул,2015-05-14T06:58:29+0300
Токарь (спецтехника),26000.0,48000.0,RUR,Алнаши,2022-03-22T09:12:04+0300
Агент прямых продаж,20000.0,40000.0,RUR,Апшеронск,2015-05-13T10:49:30+0300
Специалист Help Desk,40000.0,45000.0,RUR,Москва,2016-09-19T10:13:53+0300
Монтажник,62000.0,65000.0,RUR,Тольятти,2020-07-22T16:09:27+0300
Тестировщик,15000.0,25000.0,RUR,Ростов-на-Дону,2013-06-10T14:00:31+0400
Программист 1С,80000.0,100000.0,RUR,Москва,2020-05-06T12:43:54+0300
SAP FI CO analyst,70000.0,90000.0,RUR,Тюмень,2014-06-23T17:11:50+0400
Key Account Manager focused on industries: Logistics & Transportation or Oil&Gas,150000.0,200000.0,RUR,Москва,2010-08-26T14:27:11+0400
Интернет-маркетолог,40000.0,60000.0,RUR,Санкт-Петербург,2020-07-21T11:40:43+0300
Администратор Linux,40000.0,60000.0,RUR,Санкт-Петербург,2009-07-08T13:42:35+0400
SEO-специалист,40000.0,80000.0,RUR,Казань,2017-11-30T00:10:39+0300
IOS разработчик,50000.0,200000.0,RUR,Орел,2018-10-18T14:50:54+0300
Ведущий специалист по программному обеспечению,30000.0,35000.0,RUR,Минеральные Воды,2021-07-01T10:59:33+0300
Менеджер интернет-магазина,40000.0,60000.0,RUR,Москва,2017-08-14T12:06:10+0300
Программист 1С,40000.0,100000.0,RUR,Тюмень,2016-08-05T14:22:11+0300
Тестировщик,40000.0,60000.0,RUR,Екатеринбург,2020-08-18T12:09:06+0300
Junior Frontend разработчик,25000.0,50000.0,RUR,Томск,2020-09-02T12:14:43+0300
Директор по продажам ключевым клиентам (ВидеоМост),120000.0,240000.0,RUR,Москва,2013-05-06T16:44:20+0400
Java разработчик,55000.0,100000.0,RUR,Томск,2010-09-30T14:35:16+0400
Системный администратор,40000.0,45000.0,RUR,Красногорск,2019-07-15T11:56:15+0300
Android разработчик,55000.0,90000.0,RUR,Барнаул,2018-09-19T09:29:34+0300
Монтажник слаботочных систем,40000.0,70000.0,RUR,Москва,2015-09-02T13:01:31+0300
Инженер-гидротехник в группу инженерного консалтинга,30000.0,40000.0,RUR,Москва,2017-07-28T14:23:27+0300
Программист 1С,25000.0,50000.0,RUR,Самара,2015-04-22T14:52:11+0300
Менеджер по продажам,50000.0,100000.0,RUR,Москва,2012-03-13T12:41:51+0400
Специалист прямых продаж широкополосного доступа в интернет,4330.0,30000.0,RUR,Калуга,2010-04-26T11:13:16+0400
Оператор,18000.0,25000.0,RUR,Нижний Новгород,2018-06-10T17:07:18+0300
Проект-менеджер,20000.0,50000.0,RUR,Нижний Новгород,2009-12-15T17:43:11+0300
"Инженер по ремонту ноутбуков , смартфонов, планшетов и другой электроники",25000.0,35000.0,RUR,Челябинск,2018-10-01T10:46:38+0300
Сервис-инженер,20000.0,30000.0,RUR,Ижевск,2014-02-25T13:01:56+0400
Менеджер по продажам расходных материалов,47000.0,60000.0,RUR,Москва,2018-10-06T13:35:39+0300
Разработчик 1С Бухгалтерия,100000.0,150000.0,RUR,Москва,2020-09-16T10:16:39+0300
Главный специалист отдела технической поддержки,56000.0,56000.0,RUR,Москва,2010-01-14T10:44:49+0300
Контент-менеджер,30000.0,30000.0,RUR,Москва,2015-12-31T20:45:45+0300
Менеджер по продажам,40000.0,50000.0,RUR,Санкт-Петербург,2013-07-19T09:09:15+0400
Ведущий программист,35100.0,42100.0,RUR,Саратов,2017-12-07T12:01:56+0300
Монтажник,45000.0,55000.0,RUR,Реутов,2020-01-20T10:42:34+0300
Специалист НСИ,45000.0,50000.0,RUR,Новороссийск,2020-10-01T09:58:07+0300
Инженер по обслуживанию ОПС во Владивостоке,60000.0,80000.0,RUR,Владивосток,2022-05-30T09:34:10+0300
"Специалист по ремонту компьютеров, мобильных устройств",60000.0,70000.0,RUR,Москва,2018-11-26T22:03:58+0300
Руководитель единой сервисной службы компании,90000.0,120000.0,RUR,Москва,2008-01-21T09:38:00+0300
Дизайнер web и мобильных интерфейсов,50000.0,80000.0,RUR,Красноярск,2021-06-22T11:46:27+0300
Продавец,20000.0,25000.0,RUR,Красная Поляна,2015-11-23T16:55:06+0300
Инженер-программист АСУ ТП,65000.0,100000.0,RUR,Москва,2008-06-16T09:52:24+0400
Разработчик FPGA (ПЛИС),80000.0,120000.0,RUR,Санкт-Петербург,2018-10-02T22:52:07+0300
Менеджер по работе с интернет-магазинами,25000.0,60000.0,RUR,Тверь,2020-06-05T10:37:20+0300
Python разработчик,70000.0,100000.0,RUR,Красноярск,2020-05-28T06:59:12+0300
Региональный партнер компании,50000.0,150000.0,RUR,Пермь,2013-01-18T11:03:51+0400
Ведущий Java-программист,70000.0,90000.0,RUR,Тверь,2014-08-12T17:01:52+0400
Начальник отдела программирования 1С,70000.0,70000.0,RUR,Москва,2009-07-10T10:21:26+0400
Дежурный журналист / новостник,15000.0,15000.0,RUR,Кемерово,2022-02-17T13:50:11+0300
Монтажник ЛВС,20000.0,35000.0,RUR,Уфа,2019-03-21T15:03:19+0300
Системный администратор,15000.0,35000.0,RUR,Казань,2018-01-16T15:45:36+0300
Менеджер по контенту/Копирайтер,25000.0,35000.0,RUR,Волгоград,2019-11-07T15:50:00+0300
PHP-программист,40000.0,80000.0,RUR,Омск,2017-02-07T23:41:29+0300
Ведущий программист SQL/PLSQL,40000.0,45000.0,RUR,Краснодар,2016-04-07T09:33:49+0300
IT-специалист/Специалист технической поддержки,23000.0,27000.0,RUR,Казань,2015-07-30T10:44:35+0300
"Руководитель линии (Контактный центр, республика Карелия)",113000.0,140000.0,RUR,Ярославль,2020-08-13T19:31:49+0300
Программист 1C,130000.0,200000.0,RUR,Москва,2019-09-02T15:55:31+0300
Менеджер интернет-магазина,30000.0,40000.0,RUR,Санкт-Петербург,2017-10-09T14:08:00+0300
Embedded software developer / Программист микроконтроллеров,80000.0,150000.0,RUR,Москва,2017-07-26T12:38:53+0300
Ведущий специалист в отдел проектов (Программист 1С) / Руководитель проектов в г. Краснодар,27000.0,55000.0,RUR,Красноярск,2013-06-01T21:34:21+0400
Web-программист,40000.0,100000.0,RUR,Казань,2016-10-28T14:45:24+0300
Программист/Администратор,80000.0,90000.0,RUR,Москва,2016-10-26T16:45:27+0300
Оператор,18000.0,25000.0,RUR,Починки,2018-06-07T04:53:40+0300
Системный администратор (Петрозаводск),31500.0,31500.0,RUR,Петрозаводск,2019-07-22T15:54:02+0300
Ведущий специалист службы технической поддержки,50000.0,80000.0,RUR,Санкт-Петербург,2017-10-26T11:02:49+0300
Системный администратор/Администратор базы данных,40000.0,60000.0,RUR,Воронеж,2017-09-01T14:36:01+0300
Координатор работы в социальных сетях,30000.0,30000.0,RUR,Москва,2010-12-07T15:14:52+0300
Помощник менеджера проектов,50000.0,50000.0,RUR,Зеленоград,2018-04-23T14:57:24+0300
Senior QA Automation Engineer,150000.0,200000.0,RUR,Санкт-Петербург,2021-07-26T19:14:28+0300
Региональный менеджер по прямым продажам,25000.0,30000.0,RUR,Ростов-на-Дону,2013-10-15T12:29:51+0400
Менеджер интернет-проектов,20000.0,40000.0,RUR,Челябинск,2016-05-24T14:53:13+0300
Менеджер по продажам,25000.0,40000.0,RUR,Москва,2010-03-23T16:58:43+0300
Тестировщик,20000.0,20000.0,RUR,Пенза,2019-07-14T16:18:25+0300
Консультант-наставник SAP SD/MM,28000.0,35000.0,RUR,Москва,2020-10-10T15:58:00+0300
Электромеханик связи,30000.0,32000.0,RUR,Санкт-Петербург,2019-11-25T11:45:54+0300
Системный администратор,20000.0,25000.0,RUR,Вологда,2016-06-29T09:38:59+0300
Менеджер проектов,40000.0,150000.0,RUR,Москва,2016-10-30T11:52:52+0300
ГИС-специалист/Инженер-картограф,20000.0,20000.0,RUR,Пятигорск,2014-02-20T11:25:41+0400
Helpdesk Engineer,50000.0,65000.0,RUR,Москва,2018-03-19T14:36:09+0300
Менеджер активных продаж,50000.0,500000.0,RUR,Сургут,2016-08-16T10:55:39+0300
Web-программист,20000.0,40000.0,RUR,Благовещенск (Амурская область),2018-06-04T04:15:55+0300
Работа для мам,30000.0,100000.0,RUR,Зеленоградск,2015-09-21T16:54:52+0300
Оператор,18000.0,25000.0,RUR,Ряжск,2018-06-08T12:54:34+0300
Консультант 1С,10000.0,25000.0,RUR,Ульяновск,2015-06-02T07:55:40+0300
Специалист по продажам,35000.0,60000.0,RUR,Москва,2015-07-07T10:06:38+0300
Оператор информационно-справочного центра,25000.0,25000.0,RUR,Симферополь,2019-04-26T17:09:40+0300
Системный администратор,50000.0,50000.0,RUR,Санкт-Петербург,2016-02-25T16:27:26+0300
Программист 1C,80000.0,100000.0,RUR,Верхняя Пышма,2016-09-19T10:00:13+0300
Менеджер телефонных продаж,15000.0,30000.0,RUR,Курган,2020-05-29T11:21:51+0300
Консультант по сотовым услугам (Билайн),30000.0,37500.0,RUR,Санкт-Петербург,2019-03-18T08:53:20+0300
Руководитель филиала (г. Новосибирск),50000.0,100000.0,RUR,Томск,2015-04-27T12:50:23+0300
Продавец-консультант,30000.0,45000.0,RUR,Клин,2014-12-19T10:28:18+0300
Менеджер по развитию партнерской сети корпоративных клиентов,70000.0,75000.0,RUR,Москва,2017-08-07T11:26:42+0300
Cистемный администратор,55000.0,55000.0,RUR,Москва,2009-06-15T13:05:54+0400
Разработчик JavaScript (Node.js),80000.0,150000.0,RUR,Москва,2016-01-27T11:32:07+0300
Специалист технической поддержки клиентов,17600.0,24000.0,RUR,Новосибирск,2017-02-02T15:11:09+0300
Frontend-разработчик,60000.0,100000.0,RUR,Новосибирск,2016-10-29T11:19:57+0300
Дизайнер интерьеров / Чертежник,120000.0,250000.0,RUR,Москва,2022-06-29T12:49:59+0300
Менеджер по работе с клиентами,15000.0,20000.0,RUR,Москва,2008-08-13T13:10:55+0400
Технический переводчик,35000.0,42600.0,RUR,Москва,2017-04-19T13:30:02+0300
Инженер (мастер) по ремонту копировальной техники,25000.0,35000.0,RUR,Ярославль,2018-06-13T13:27:06+0300
Программист 1C,55000.0,60000.0,RUR,Тула,2015-07-02T11:49:56+0300
Менеджер отдела Входящих продаж,50000.0,150000.0,RUR,Санкт-Петербург,2020-10-04T10:37:04+0300
Помошник сервисного инженера по обслуживанию и ремонту контрольно кассовой-техники,20000.0,30000.0,RUR,Москва,2018-05-21T11:33:59+0300
Администратор-кассир,25000.0,32000.0,RUR,Санкт-Петербург,2018-10-20T12:46:01+0300
Bitrix- разработчик,60000.0,80000.0,RUR,Краснодар,2017-09-04T09:24:16+0300
Инженер по техподдержке,20000.0,20000.0,RUR,Пермь,2014-03-17T10:11:26+0400
Quality Assurance Engineer,100000.0,120000.0,RUR,Санкт-Петербург,2018-08-17T20:18:16+0300
Аспирант / научный сотрудник,10000.0,45000.0,RUR,Москва,2019-02-21T16:01:44+0300
Помощник системного администратора,30000.0,40000.0,RUR,Новосибирск,2020-01-08T07:48:13+0300
Менеджер по продажам (IT-дистрибуция),40000.0,100000.0,RUR,Ростов-на-Дону,2018-11-17T17:51:32+0300
Инженер по обслуживанию телевизионного и радиооборудования,25000.0,30000.0,RUR,Осинники,2015-05-12T12:01:42+0300
Chief Executive Officer,500000.0,600000.0,RUR,Москва,2017-11-08T11:47:10+0300
Программист баз данных,30000.0,60000.0,RUR,Краснодар,2012-05-21T16:06:36+0400
Контент-менеджер телевизионного проекта,30000.0,40000.0,RUR,Москва,2014-06-27T08:27:21+0400
Специалист поддержки пользователей,20000.0,30000.0,RUR,Москва,2013-08-02T11:11:51+0400
Инженер отдела тестирования,23000.0,27000.0,RUR,Москва,2007-12-06T10:43:30+0300
Инженер ОТК,30000.0,40000.0,RUR,Пермь,2021-11-24T08:26:39+0300
Главный инженер highload веб-проекта,200000.0,220000.0,RUR,Москва,2019-02-15T13:49:11+0300
Помощник/ученик веб-разработчика,25000.0,50000.0,RUR,Ульяновск,2019-03-11T11:09:35+0300
Технический директор,150000.0,200000.0,RUR,Нижний Новгород,2022-02-17T13:57:27+0300
Системный администратор,45000.0,50000.0,RUR,Москва,2013-09-25T11:45:29+0400
Программист-разработчик,30000.0,70000.0,RUR,Рязань,2014-12-03T10:47:39+0300
"Контент-менеджер копирайтер (ico, блокчейн, криптовалюты, ico, blockchain, smm)",40000.0,100000.0,RUR,Москва,2017-12-27T19:44:48+0300
Инженер технической поддержки,18000.0,24000.0,RUR,Москва,2008-01-27T18:02:50+0300
Специалист по продажам,60000.0,100000.0,RUR,Москва,2011-11-15T15:59:13+0400
Работа для студентов,20000.0,80000.0,RUR,Бологое,2015-09-21T14:57:38+0300
Работник ЦТО,50000.0,70000.0,RUR,Москва,2020-08-17T13:23:42+0300
Специалист службы поддержки в Яндекс.Маркет,32000.0,32000.0,RUR,Грозный,2020-09-14T08:02:17+0300
Специалист отдела эксплуатации информационных систем,25000.0,30000.0,RUR,Челябинск,2018-08-14T13:31:06+0300
Оператор,18000.0,25000.0,RUR,Нижний Новгород,2018-06-11T17:13:17+0300
Оптимизатор сайта (SEO),30000.0,80000.0,RUR,Москва,2010-07-23T12:20:19+0400
Web-программист,20000.0,30000.0,RUR,Чебоксары,2015-07-27T18:23:57+0300
Специалист по информационной безопасности,70000.0,90000.0,RUR,Москва,2010-07-02T13:12:02+0400
Эксперт - консультант 1С (крупные корпоративные клиенты),90000.0,120000.0,RUR,Красноярск,2019-11-27T05:27:13+0300
Инженер по ремонту копировальной техники.,60000.0,75000.0,RUR,Москва,2021-10-13T08:22:51+0300
PHP-программист,40000.0,80000.0,RUR,Санкт-Петербург,2017-05-05T15:41:02+0300
Kotlin or Java Developer (мидл/middle) ‍,130000.0,150000.0,RUR,Санкт-Петербург,2021-01-07T17:55:03+0300
Менеджер по работе с клиентами и сервисными инженерами,20000.0,42000.0,RUR,Казань,2014-02-18T19:09:42+0400
Специалист технической поддержки,45000.0,60000.0,RUR,Москва,2017-10-06T12:59:22+0300
Инженер отдела технической поддержки,34700.0,43375.0,RUR,Коломна,2019-02-06T11:19:18+0300
Инженер-программист C/С++,75000.0,100000.0,RUR,Санкт-Петербург,2016-03-29T12:22:39+0300
Техник связи,22000.0,30000.0,RUR,Тамбов,2014-05-20T10:17:11+0400
Специалист технической поддержки ИТ,25000.0,35000.0,RUR,Барнаул,2020-08-25T09:35:23+0300
Senior С++ Developer,60000.0,80000.0,RUR,Ростов-на-Дону,2018-10-21T19:04:52+0300
Руководитель проектов,70000.0,120000.0,RUR,Воронеж,2019-11-06T16:08:49+0300
Android разработчик,40000.0,80000.0,RUR,Санкт-Петербург,2011-01-25T11:09:19+0300
Механик,100000.0,100000.0,RUR,Ижевск,2021-11-13T20:21:01+0300
Оператор,18000.0,25000.0,RUR,Денежниково (Рязанская область),2018-06-09T08:53:14+0300
Художник-аниматор оперативной графики,60000.0,80000.0,RUR,Москва,2018-09-05T20:21:51+0300
Оператор ЭВМ,12000.0,16000.0,RUR,Зеленоград,2011-01-26T11:17:38+0300
Интегратор-верстальщик,20000.0,40000.0,RUR,Ульяновск,2019-01-09T22:37:56+0300
Менеджер по продажам,25000.0,35000.0,RUR,Санкт-Петербург,2015-07-23T15:34:11+0300
Оператор колл-центра,10000.0,17000.0,RUR,Шахунья,2014-01-04T11:01:41+0400
Менеджер по привлечению клиентов,60000.0,200000.0,RUR,Москва,2020-04-03T09:24:16+0300
Оператор ПК,23000.0,28000.0,RUR,Уфа,2016-05-14T23:58:06+0300
Сервис-инженер (компьютерная помощь),30000.0,60000.0,RUR,Москва,2015-01-23T14:21:33+0300
Системный администратор,30000.0,30000.0,RUR,Ижевск,2017-06-26T11:28:06+0300
Специалист по работе с претензиями,24000.0,34000.0,RUR,Москва,2013-07-25T10:08:41+0400
3d Artist,80000.0,120000.0,RUR,Москва,2021-06-08T20:25:26+0300
Менеджер вводных уроков английского языка,25000.0,109000.0,RUR,Уфа,2018-09-23T22:11:04+0300
Тестировщик ПО,25000.0,50000.0,RUR,Томск,2019-11-06T16:40:33+0300
Тестировщик ПО (информационная безопасность),40000.0,50000.0,RUR,Москва,2010-12-22T12:57:41+0300
Специалист call-центра (диспетчер),20000.0,30000.0,RUR,Якутск,2015-01-27T15:13:55+0300
Специалист службы безопасности,60000.0,60000.0,RUR,Москва,2014-10-01T09:38:37+0400
Администратор интернет-магазина,40000.0,45000.0,RUR,Химки,2019-09-13T13:14:39+0300
Программист PHP (Junior),15000.0,35000.0,RUR,Киров (Кировская область),2018-05-29T19:03:22+0300
Стажер,20000.0,80000.0,RUR,Лермонтов,2015-10-23T13:09:13+0300
Аккаунт- менеджер,30000.0,40000.0,RUR,Москва,2015-04-30T17:24:12+0300
Руководитель группы аналитики B2B,35000.0,44000.0,RUR,Казань,2019-04-15T10:55:18+0300
Программист C++,40000.0,60000.0,RUR,Москва,2015-09-17T14:10:16+0300
Куратор маркетинговых проектов,50000.0,100000.0,RUR,Уфа,2018-02-05T18:14:52+0300
Консультант-аналитик 1С:Документооборот государственного учреждения,60000.0,80000.0,RUR,Санкт-Петербург,2019-04-17T17:58:49+0300
Менеджер по работе с клиентами (отдел внедрений),35000.0,70000.0,RUR,Москва,2013-03-18T10:28:14+0400
Менеджер по продажам (менеджер по работе с клиентами),15000.0,30000.0,RUR,Ульяновск,2014-07-11T11:39:40+0400
Специалист по информационной безопасности,50000.0,80000.0,RUR,Санкт-Петербург,2018-04-26T09:38:48+0300
Оператор call-центра / холодные звонки / телефонные продажи,25000.0,45000.0,RUR,Санкт-Петербург,2015-04-14T17:31:37+0300
Backend программист (Node.js),150000.0,230000.0,RUR,Йошкар-Ола,2021-01-19T19:57:28+0300
Оператор Наладчик станков с ЧПУ,85000.0,91000.0,RUR,Задонск,2021-01-18T15:39:46+0300
Специалист по продажам в салон связи Билайн,25000.0,40000.0,RUR,Волхов,2015-10-12T10:14:45+0300
Торговый представитель,25000.0,35000.0,RUR,Ртищево,2014-10-23T09:19:53+0400
Frontend-разработчик,120000.0,200000.0,RUR,Москва,2017-11-21T13:13:10+0300
Менеджер проектов,40000.0,40000.0,RUR,Москва,2016-07-19T18:52:10+0300
Программист 1C,30000.0,60000.0,RUR,Пермь,2018-05-15T07:41:28+0300
Оператор колл-центра Триколора (удаленная работа),33000.0,40000.0,RUR,Альметьевск,2021-07-06T11:45:40+0300
Менеджер по продажам IT,20000.0,30000.0,RUR,Казань,2015-11-28T12:16:53+0300
Программист,15000.0,50000.0,RUR,Краснодар,2014-02-06T13:38:47+0400
Web-Программист,30000.0,40000.0,RUR,Москва,2013-12-13T10:29:17+0400
Инженер-сметчик,28000.0,35000.0,RUR,Нижний Новгород,2014-03-12T14:49:25+0400
Специалист в интернет-магазин,35000.0,45000.0,RUR,Москва,2019-12-15T19:24:37+0300
Сервис - инженер,26000.0,50000.0,RUR,Москва,2015-02-24T10:42:27+0300
Системный администратор в кинотеатр,25000.0,30000.0,RUR,Череповец,2017-10-19T09:42:27+0300
Программист 1С,35000.0,70000.0,RUR,Севастополь,2017-10-29T15:58:48+0300
Ведущий специалист отдела специальных проверок технических средств,50000.0,70000.0,RUR,Москва,2020-09-07T11:02:31+0300
Мастер по ремонту цифровой техники,30000.0,80000.0,RUR,Москва,2020-07-08T19:51:30+0300
Специалист службы технической поддержки,20000.0,35000.0,RUR,Ульяновск,2014-11-25T12:28:43+0300
Торговый представитель,18300.0,38900.0,RUR,Трубчевск,2014-08-28T10:27:52+0400
Программист,40000.0,40000.0,RUR,Москва,2010-03-25T11:49:28+0300
Системный администратор,35000.0,50000.0,RUR,Москва,2014-11-14T12:08:19+0300
Программист-стажер 1С,16000.0,25000.0,RUR,Ростов-на-Дону,2018-09-24T10:55:33+0300
Инженер по монтажу и обслуживанию слаботочных систем безопасности,30000.0,34963.0,RUR,Сорочинск,2021-11-16T09:42:39+0300
Начальник отдела продаж,70000.0,110000.0,RUR,Москва,2011-06-10T17:49:22+0400
Редактор-корректор,15000.0,30000.0,RUR,Смоленск,2018-09-11T18:08:58+0300
Ведущий консультант 1С,90000.0,120000.0,RUR,Санкт-Петербург,2018-04-21T10:34:36+0300
Менеджер по продажам медицинского ПО (Cedara),60000.0,120000.0,RUR,Москва,2010-05-17T11:36:37+0400
QA Automation Lead,120000.0,150000.0,RUR,Томск,2020-09-28T13:39:01+0300
Оператор,25000.0,40000.0,RUR,Санкт-Петербург,2019-10-08T12:50:09+0300
Сервисный инженер,25000.0,40000.0,RUR,Казань,2015-06-08T12:59:10+0300
Менеджер по продажам (телемаркетинг),35000.0,60000.0,RUR,Москва,2013-01-16T18:01:01+0400
Менеджер по продажам,30000.0,70000.0,RUR,Санкт-Петербург,2010-02-08T12:24:26+0300
Менеджер по продажам IT продукта в сфере строительства,40000.0,100000.0,RUR,Пермь,2020-03-30T10:05:44+0300
Оператор (наладчик) станков с ЧПУ,68500.0,75000.0,RUR,Богородицк,2019-02-26T12:00:49+0300
Оператор ПК (Линк-менеджер),5000.0,15000.0,RUR,Краснодар,2008-10-13T13:43:34+0400
Менеджер по разработке it проектов,40000.0,60000.0,RUR,Санкт-Петербург,2014-11-11T16:15:30+0300
Интернет-маркетолог,40000.0,60000.0,RUR,Санкт-Петербург,2016-07-27T09:55:38+0300
Программист 1С с опытом обменов Озон,60000.0,180000.0,RUR,Санкт-Петербург,2022-07-17T12:31:56+0300
Старший администратор сетей связи (г. Сочи),56000.0,70000.0,RUR,Нижний Новгород,2019-12-16T15:51:26+0300
Диспетчер центра контактов,17100.0,19950.0,RUR,Москва,2011-10-17T18:02:28+0400
WEB мастер,50000.0,250000.0,RUR,Калининград,2015-11-09T15:01:47+0300
Специалист Отдела администрирования и технической поддержки,30000.0,34000.0,RUR,Москва,2009-09-02T17:14:58+0400
Инженер-программист,40000.0,60000.0,RUR,Санкт-Петербург,2014-09-13T17:50:14+0400
Инженер-программист,42000.0,64500.0,RUR,Екатеринбург,2019-01-09T07:39:20+0300
3D-дизайнер,20000.0,25000.0,RUR,Саратов,2017-01-09T13:25:27+0300
Специалист по видеоконтролю,40000.0,45000.0,RUR,Москва,2014-06-09T12:09:07+0400
Менеджер по продажам,15000.0,30000.0,RUR,Смоленск,2013-09-26T15:39:59+0400
Оператор технической поддержки,45000.0,45000.0,RUR,Москва,2017-10-09T11:21:10+0300
Оператор,18000.0,25000.0,RUR,Киров (Кировская область),2018-06-08T05:03:29+0300
Team Lead - Python,150000.0,200000.0,RUR,Москва,2020-03-22T16:11:58+0300
Программист ПО,50000.0,70000.0,RUR,Москва,2010-02-02T16:16:01+0300
Ведущий Backend PHP-разработчик,130000.0,160000.0,RUR,Москва,2019-08-30T10:20:51+0300
Оператор,18000.0,25000.0,RUR,Тумботино,2018-06-08T15:53:44+0300
Менеджер по продажам 1С,60000.0,100000.0,RUR,Москва,2013-03-15T08:50:25+0400
Senior JavaScript Developer/Разработчик,85000.0,110000.0,RUR,Пермь,2017-03-04T15:51:00+0300
Dataвase Developer,160000.0,220000.0,RUR,Москва,2019-03-20T00:50:56+0300
PHP-программист,60000.0,70000.0,RUR,Москва,2013-07-24T08:16:56+0400
Менеджер интернет - магазина,15000.0,25000.0,RUR,Тверь,2015-08-19T17:40:50+0300
Руководитель web-проекта,100000.0,150000.0,RUR,Москва,2011-10-15T12:03:38+0400
Системный администратор (HelpDesk) СРОЧНО,50000.0,60000.0,RUR,Москва,2013-06-21T15:54:33+0400
Программист PHP,100000.0,120000.0,RUR,Брянск,2020-10-02T16:08:36+0300
Разработчик Java (Spring)/Backend developer,150000.0,200000.0,RUR,Москва,2021-06-05T13:41:27+0300
Тестировщик,20000.0,40000.0,RUR,Стрый,2013-07-04T23:24:45+0400
Системный администратор,38700.0,46440.0,RUR,Лебедянь,2019-12-27T10:05:52+0300
"Веб-дизайнер, Web-дизайнер, Дизайнер",80000.0,120000.0,RUR,Биробиджан,2016-02-24T08:58:09+0300
SEO-специалист,50000.0,70000.0,RUR,Казань,2017-12-14T10:37:23+0300
Руководитель проектов 1С,150000.0,200000.0,RUR,Санкт-Петербург,2020-07-09T21:24:39+0300
Менеджер вводных уроков по английскому языку онлайн,35000.0,85000.0,RUR,Москва,2020-10-01T17:11:13+0300
Инженер,40000.0,70000.0,RUR,Москва,2018-11-21T09:02:28+0300
Программист PHP,30000.0,45000.0,RUR,Москва,2010-06-10T13:39:48+0400
Оператор ПК (1С),30000.0,35000.0,RUR,Москва,2018-08-20T09:35:16+0300
Управляющий офиса продаж,25000.0,35000.0,RUR,Самара,2014-11-17T09:04:12+0300
Специалист по работе с корпоративными клиентами (В2В),37000.0,100000.0,RUR,Нижний Новгород,2021-01-19T09:44:42+0300
Монтажник слаботочных систем,30000.0,35000.0,RUR,Екатеринбург,2019-05-03T14:40:54+0300
Менеджер по продажам образовательных услуг,45000.0,70000.0,RUR,Москва,2018-04-28T14:24:22+0300
Администратор сайтов,25000.0,40000.0,RUR,Москва,2018-02-27T17:33:37+0300
PHP программист (Стажер),22000.0,30000.0,RUR,Москва,2014-08-25T17:21:27+0400
Менеджер по продажам В2В,50000.0,100000.0,RUR,Санкт-Петербург,2015-08-01T12:32:13+0300
Репортер,35000.0,60000.0,RUR,Санкт-Петербург,2018-04-06T19:32:40+0300
Инженер-схемотехник,70000.0,110000.0,RUR,Москва,2014-12-07T22:36:17+0300
Системный администратор,40000.0,50000.0,RUR,Железнодорожный,2022-04-05T10:08:11+0300
Консультант SAP (FI),65000.0,100000.0,RUR,Нижний Новгород,2020-02-13T09:46:43+0300
Программист 1С-проектов/Консультант 1С,60000.0,120000.0,RUR,Ульяновск,2018-03-23T09:42:33+0300
Программист PHP,75000.0,110000.0,RUR,Москва,2017-07-24T17:41:53+0300
Эксперт отдела контроля качества,32000.0,37500.0,RUR,Москва,2014-02-04T17:54:16+0400
Помощник системного администратора,21000.0,24000.0,RUR,Иркутск,2017-06-28T09:23:18+0300
Программист,23000.0,37000.0,RUR,Ставрополь,2017-07-26T05:08:26+0300
J2ME Developer,90000.0,120000.0,RUR,Москва,2010-09-21T17:13:22+0400
Junior Android разработчик,40000.0,70000.0,RUR,Тверь,2018-10-01T17:06:07+0300
Менеджер по работе с маркетплейсами,50000.0,90000.0,RUR,Санкт-Петербург,2020-03-11T20:28:17+0300
Продавец-консультант,20000.0,25000.0,RUR,Краснодар,2019-04-05T17:11:25+0300
Оператор call-центра (удаленно),20000.0,32000.0,RUR,Тутаев,2021-02-25T12:28:30+0300
QA Engineer,65000.0,90000.0,RUR,Йошкар-Ола,2020-08-07T15:25:10+0300
Программист 1C,30000.0,45000.0,RUR,Челябинск,2015-04-21T15:17:35+0300
Специалист / Сетевой инженер в Отдел телекоммуникаций,50000.0,70000.0,RUR,Москва,2016-11-29T15:46:07+0300
Системный администратор,50000.0,50000.0,RUR,Москва,2015-09-15T13:07:10+0300
Младший инженер,25000.0,28000.0,RUR,Санкт-Петербург,2014-10-30T10:18:21+0300
Специалист по контексту (Yandex direct / Google Adwords),20000.0,60000.0,RUR,Махачкала,2019-09-04T00:57:29+0300
Специалист службы технической поддержки программного обеспечения,20000.0,50000.0,RUR,Ростов-на-Дону,2019-09-25T14:24:13+0300
Руководитель группы операторов / Технолог,40000.0,60000.0,RUR,Москва,2015-02-27T11:29:45+0300
Delphi разработчик,60000.0,120000.0,RUR,Архангельск,2018-03-02T10:06:51+0300
Оператор,18000.0,25000.0,RUR,Тоншаево,2018-06-06T17:22:08+0300
Контент менеджер/верстальщик,25000.0,45000.0,RUR,Санкт-Петербург,2018-03-09T13:06:59+0300
Head of Content,100000.0,180000.0,RUR,Москва,2018-07-09T09:49:21+0300
Директор филиала (проджект менеджер),30000.0,70000.0,RUR,Ставрополь,2017-04-11T15:39:17+0300
Программист 1С,80000.0,100000.0,RUR,Москва,2013-08-19T12:54:49+0400
"Методолог 1С:ERP ""Финансы и Бюджетирование""",80000.0,140000.0,RUR,Казань,2019-05-16T08:30:40+0300
Программист-консультант 1С ( стажёр),10000.0,20000.0,RUR,Саратов,2019-09-05T12:41:58+0300
Руководитель группы тестирования,60000.0,80000.0,RUR,Санкт-Петербург,2011-11-21T11:49:23+0400
Монтажник связи,45000.0,65000.0,RUR,Свободный,2020-08-03T16:48:27+0300
Заправщик картриджей,20000.0,35000.0,RUR,Ярославль,2015-01-18T15:42:17+0300
Web-разработчик,120000.0,200000.0,RUR,Москва,2020-01-28T19:38:39+0300
Middle Vue.js Front-end Developer (remote),100000.0,180000.0,RUR,Москва,2021-10-12T11:43:09+0300
Программист 1С ( PHP и HTML),65000.0,80000.0,RUR,Москва,2013-07-02T11:51:29+0400
"Junior frontend-разработчик (компания ""Ratio"")",30000.0,40000.0,RUR,Новосибирск,2020-09-21T15:16:21+0300
Менеджер по продажам / менеджер проектов,35000.0,50000.0,RUR,Нижний Новгород,2019-04-23T09:46:55+0300
Верстальщик,80000.0,80000.0,RUR,Санкт-Петербург,2020-07-16T15:02:47+0300
Консультант 1С,80000.0,100000.0,RUR,Москва,2017-12-25T19:05:03+0300
Продавец-консультант,19000.0,24000.0,RUR,Кропоткин,2020-05-20T11:07:05+0300
Копирайтер / Проект менеджер,15000.0,30000.0,RUR,Казань,2013-10-02T13:05:20+0400
Менеджер проекта/ product owner,100000.0,120000.0,RUR,Санкт-Петербург,2020-08-27T13:39:55+0300
Lead level-designer (Ведущий дизайнер уровней),80000.0,100000.0,RUR,Санкт-Петербург,2014-06-10T11:29:15+0400
Региональный менеджер по продажам,50000.0,90000.0,RUR,Нижний Новгород,2010-02-08T16:16:13+0300
Тестировщик ПО,37000.0,59000.0,RUR,Кострома,2019-08-20T17:59:15+0300
Инженер 1 категории,54000.0,54000.0,RUR,Санкт-Петербург,2020-09-01T14:34:58+0300
Контент-менеджер,55000.0,55000.0,RUR,Москва,2019-10-21T10:42:13+0300
PHP-программист,80000.0,120000.0,RUR,Москва,2015-02-27T11:35:50+0300
"Главный специалист по слаботочным системам (г.Большой Камень, Приморский край)",100000.0,100000.0,RUR,Томск,2020-04-13T05:51:30+0300
Системный администратор,20000.0,30000.0,RUR,Москва,2009-09-15T13:18:29+0400
"Менеджер по продажам (сайты, SEO, битрикс)",20000.0,65000.0,RUR,Пермь,2018-06-14T07:20:04+0300
Функциональный Архитектор,200000.0,300000.0,RUR,Санкт-Петербург,2021-01-26T10:10:35+0300
Менеджер по продукту / Продакт менеджер,45000.0,75000.0,RUR,Санкт-Петербург,2017-05-30T17:39:13+0300
Java developer,120000.0,140000.0,RUR,Москва,2021-01-29T13:08:19+0300
Оператор станка с ЧПУ,50000.0,70000.0,RUR,Москва,2021-06-25T13:54:59+0300
Специалист отдела телемаркетинга,30000.0,50000.0,RUR,Москва,2012-02-17T16:51:57+0400
Junior Software Developer,40000.0,60000.0,RUR,Санкт-Петербург,2012-03-26T17:24:20+0400
Руководитель направления,30000.0,60000.0,RUR,Санкт-Петербург,2018-04-25T11:24:50+0300
Монтажник слаботочных систем,25000.0,50000.0,RUR,Орел,2020-03-13T23:11:43+0300
Заместитель руководителя IT-отдела,70000.0,80000.0,RUR,Москва,2019-06-12T13:17:04+0300
Менеджер по продажам и работе с клиентами,25000.0,55000.0,RUR,Краснодар,2017-10-12T13:46:53+0300
Web-программист,50000.0,100000.0,RUR,Краснодар,2016-02-05T16:33:55+0300
Менеджер по продажам,15000.0,25000.0,RUR,Владимир,2013-08-01T11:23:56+0400
Требуется работник со знанием компьютерного железа!,10000.0,50000.0,RUR,Самара,2013-04-22T21:05:41+0400
Оператор,18000.0,25000.0,RUR,Советск (Кировская область),2018-06-08T21:52:31+0300
Менеджер по работе с клиентами в рекламное агентство,50000.0,75000.0,RUR,Москва,2015-09-11T20:37:42+0300
Продавец-консультант в фирменный салон ТЕЛЕ2,20000.0,30000.0,RUR,Кемерово,2019-12-20T07:25:23+0300
Веб-программист,30000.0,80000.0,RUR,Калининград,2011-07-27T10:01:16+0400
Заместитель главного механика,39850.0,39850.0,RUR,Томск,2022-06-22T10:05:57+0300
Frontend-разработчик (vue.js),140000.0,160000.0,RUR,Москва,2018-03-13T15:20:47+0300
Помощник менеджера интернет-магазина,30000.0,45000.0,RUR,Санкт-Петербург,2016-12-28T17:18:56+0300
Руководитель направления SEO,160000.0,180000.0,RUR,Москва,2019-02-25T10:42:46+0300
Ночной оператор ПК,20000.0,20000.0,RUR,Ростов-на-Дону,2019-09-09T13:30:47+0300
Технический писатель / аналитик,30000.0,40000.0,RUR,Москва,2015-05-07T18:25:24+0300
Менеджер по продажам на входящих заявках (удалённо),30000.0,70000.0,RUR,Москва,2020-10-12T19:38:51+0300
Монтажник (в Минскую область),62000.0,63000.0,RUR,Рязань,2019-10-08T10:13:14+0300
Менеджер веб-проектов (веб-сайтов или интернет-сайтов),30000.0,50000.0,RUR,Москва,2015-04-03T18:58:34+0300
Программист 1С 7.7 и 8.0,40000.0,45000.0,RUR,Санкт-Петербург,2008-04-21T14:48:06+0400
Программист Java,40000.0,50000.0,RUR,Ижевск,2016-02-08T13:18:26+0300
Оператор,18000.0,25000.0,RUR,Пителино,2018-06-09T13:54:24+0300
Web-разработчик/ PHP-программист,55000.0,60000.0,RUR,Москва,2015-09-07T16:12:55+0300
Аккаунт менеджер в отдел SEO (без поиска),30000.0,50000.0,RUR,Ульяновск,2019-05-24T09:58:44+0300
Системный администратор,30000.0,50000.0,RUR,Воронеж,2017-10-23T16:36:37+0300
Программист 1С,90000.0,100000.0,RUR,Москва,2016-12-01T19:22:52+0300
Руководитель технической службы,90000.0,100000.0,RUR,Москва,2021-11-10T21:07:02+0300
Консультант в сфере телекоммуникаций,29000.0,41500.0,RUR,Нижний Новгород,2020-05-30T16:50:59+0300
Таргетолог/специалист по контекстной рекламе,30000.0,90000.0,RUR,Москва,2020-07-19T12:34:17+0300
Инженер-проектировщик,30000.0,30000.0,RUR,Челябинск,2017-12-18T18:50:58+0300
Account manager/ менеджер по работе с контрагентами,35000.0,40000.0,RUR,Новосибирск,2019-06-25T13:13:15+0300
Системный администратор,45000.0,60000.0,RUR,Москва,2016-03-15T11:53:27+0300
PR-менеджер,50000.0,350000.0,RUR,Москва,2019-10-25T12:47:20+0300
Программист 1С,70000.0,120000.0,RUR,Санкт-Петербург,2019-07-08T13:07:09+0300
Программист 1С,80000.0,90000.0,RUR,Москва,2014-07-21T19:41:35+0400
Sharepoint-разработчик,150000.0,200000.0,RUR,Москва,2019-09-19T15:27:16+0300
Клиентский менеджер,22000.0,55000.0,RUR,Новосибирск,2017-10-09T07:27:33+0300
Менеджер интернет-магазина,40000.0,50000.0,RUR,Мытищи,2021-01-25T18:16:59+0300
Специалист по расчетам,13000.0,15000.0,RUR,Ульяновск,2013-08-02T14:26:57+0400
Email-маркетолог,45000.0,60000.0,RUR,Москва,2022-02-08T17:51:29+0300
Координатор проектного отдела,22000.0,22000.0,RUR,Москва,2009-01-16T10:54:50+0300
Backend-программист Node.js,40000.0,80000.0,RUR,Уфа,2016-06-14T17:13:37+0300
Менеджер веб-проектов,59000.0,85000.0,RUR,Москва,2018-03-21T10:36:14+0300
Инженер - программист систем управления,60000.0,130000.0,RUR,Москва,2019-09-05T11:17:38+0300
Сервисный инженер,25000.0,35000.0,RUR,Москва,2012-04-12T17:58:46+0400
Программист-стажер,17000.0,45000.0,RUR,Ростов-на-Дону,2021-01-14T21:23:49+0300
HTML-верстальщик,30000.0,50000.0,RUR,Москва,2021-05-26T10:26:27+0300
Заместитель руководителя ИТ/ИБ,90000.0,100000.0,RUR,Москва,2011-03-14T17:32:22+0300
Системный администратор,25000.0,30000.0,RUR,Уфа,2020-09-17T11:48:10+0300
Инженер по UI-тестированию,45000.0,65000.0,RUR,Санкт-Петербург,2011-08-18T16:41:47+0400
Frontend-разработчик / Веб-верстальщик,50000.0,100000.0,RUR,Тамбов,2018-04-27T11:29:01+0300
Менеджер по работе с клиентами,15000.0,60000.0,RUR,Новосибирск,2018-03-07T11:08:26+0300
Технический писатель,25000.0,35000.0,RUR,Санкт-Петербург,2008-11-24T11:55:50+0300
Технический писатель,45000.0,55000.0,RUR,Москва,2013-04-22T15:14:03+0400
Главный специалист сектора сопровождения инфраструктуры,97200.0,125000.0,RUR,Москва,2012-01-27T10:50:32+0400
Системный администратор,55000.0,60000.0,RUR,Москва,2018-10-02T11:08:28+0300
Оператор ПК,25000.0,35000.0,RUR,Новосибирск,2020-05-20T13:13:14+0300
Менеджер по сопровождению клиентов со знанием английского языка,30000.0,45000.0,RUR,Самара,2018-03-29T14:17:42+0300
SMM-менеджер,40000.0,55000.0,RUR,Москва,2017-01-11T00:06:48+0300
Менеджер по продажам SEO,20000.0,150000.0,RUR,Москва,2011-01-28T23:28:12+0300
Web-программист,30000.0,50000.0,RUR,Кострома,2020-04-13T11:50:08+0300
Менеджер по продажам,20000.0,50000.0,RUR,Хабаровск,2013-06-03T06:09:45+0400
Менеджер проекта,15000.0,35000.0,RUR,Липецк,2014-10-08T12:01:05+0400
Штатный интернет-маркетолог,40000.0,70000.0,RUR,Набережные Челны,2019-09-13T09:51:15+0300
Старший инженер в Отдел монтажа сетевого и клиентского оборудования,58000.0,58000.0,RUR,Москва,2019-11-19T17:10:55+0300
Программист-разработчик,25000.0,40000.0,RUR,Уфа,2019-11-27T10:18:59+0300
Цветокорректор,20000.0,35000.0,RUR,Смоленск,2018-03-12T10:32:48+0300
Специалист Адвордс и Директ,30000.0,30000.0,RUR,Новосибирск,2013-04-22T12:06:24+0400
Редактор монтажа отдела предэфирной подготовки,40000.0,45000.0,RUR,Москва,2010-12-22T14:25:17+0300
Ведущий менеджер по продвижению биометрических систем,60000.0,80000.0,RUR,Екатеринбург,2019-03-04T14:51:49+0300
Technical Support Engineer,20000.0,25000.0,RUR,Нижний Новгород,2010-08-25T12:28:23+0400
HANT Менеджер по интернет-маркетингу,20000.0,45000.0,RUR,Ростов-на-Дону,2016-05-17T15:46:54+0300
Специалист технической поддержки (1 линия),57500.0,57500.0,RUR,Москва,2021-04-13T15:48:09+0300
Ведущий разработчик Java,120000.0,220000.0,RUR,Москва,2019-02-13T19:18:45+0300
Системный программист С++,60000.0,90000.0,RUR,Казань,2014-02-24T09:17:08+0400
Директор по Интернет-Маркетингу,60000.0,100000.0,RUR,Москва,2015-05-02T16:20:28+0300
Менеджер по продажам,15000.0,25000.0,RUR,Санкт-Петербург,2008-10-20T09:07:15+0400
Менеджер по продажам (стажёр),5000.0,25000.0,RUR,Курск,2014-07-09T14:18:50+0400
Специалист по маркетингу,6000.0,50000.0,RUR,Ставрополь,2012-01-30T17:20:50+0400
Тестировщик ПО,60000.0,90000.0,RUR,Красноярск,2021-10-07T11:02:18+0300
Менеджер по продажам,60000.0,90000.0,RUR,Москва,2014-09-30T23:11:12+0400
Инженер,28000.0,35000.0,RUR,Тверь,2020-06-15T15:09:21+0300
Монтажник слаботочных систем,30000.0,50000.0,RUR,Дебёсы,2020-09-22T14:21:26+0300
Менеджер по продаже,20000.0,70000.0,RUR,Владивосток,2020-10-13T04:28:31+0300
Программист/Разработчик ASP.NET,60000.0,90000.0,RUR,Москва,2016-08-03T17:48:47+0300
Оператор-наладчик ЧПУ,95000.0,105000.0,RUR,Оренбург,2022-06-03T10:37:55+0300
Менеджер по продажам /продавец-консультант (Заводской район),17000.0,25000.0,RUR,Новокузнецк,2019-05-06T12:54:20+0300
Разработчик iOS,120000.0,140000.0,RUR,Москва,2015-09-03T10:54:23+0300
Программист JS,43000.0,80000.0,RUR,Ярославль,2017-06-21T11:54:16+0300
Менеджер интернет-проектов,20000.0,30000.0,RUR,Брянск,2018-01-16T13:40:26+0300
Помощник вебмастера,15000.0,25000.0,RUR,Курган,2018-01-09T16:08:56+0300
Тестировщик,62000.0,62000.0,RUR,Москва,2013-08-29T10:32:27+0400
Специалист по контекстной рекламе,50000.0,70000.0,RUR,Воронеж,2021-02-13T18:36:36+0300
Дизайнер,25000.0,45000.0,RUR,Казань,2014-02-18T22:30:37+0400
Оператор станков с ЧПУ,50000.0,52000.0,RUR,Беково,2018-11-16T14:46:53+0300
Консультант в офисах Ноу-Хау,27000.0,40000.0,RUR,Голицыно,2014-06-05T11:00:53+0400
SEO специалист,25000.0,45000.0,RUR,Новосибирск,2016-06-10T09:16:19+0300
Руководитель отдела IT,25000.0,35000.0,RUR,Казань,2010-02-11T11:21:14+0300
Оператор ПК,20000.0,30000.0,RUR,Санкт-Петербург,2018-09-13T13:10:37+0300
QA-специалист (автотесты),50000.0,100000.0,RUR,Москва,2019-03-14T16:04:52+0300
Руководитель группы инженеров АВР (радиосегмент),66000.0,66000.0,RUR,Москва,2020-10-05T18:35:06+0300
Дежурный инженер (Help Desk),15000.0,20000.0,RUR,Москва,2010-11-25T10:10:20+0300
Программист-разработчик 1С,90000.0,120000.0,RUR,Санкт-Петербург,2018-12-17T12:10:02+0300
Программист 1С,90000.0,90000.0,RUR,Москва,2013-06-10T13:51:37+0400
Ведущий специалист отдела информационных технологий,35000.0,35000.0,RUR,Санкт-Петербург,2013-07-04T11:53:42+0400
Техник (г. Сочи),17300.0,20400.0,RUR,Правдинск (Калининградская область),2013-12-31T19:10:32+0400
Контент-менеджер,20000.0,25000.0,RUR,Волгоград,2017-04-28T13:56:51+0300
Senior Android Developer,200000.0,290000.0,RUR,Екатеринбург,2020-05-25T17:44:33+0300
Системный администратор/специалист технической поддержки,50000.0,70000.0,RUR,Москва,2019-02-08T11:30:04+0300
Начальник отдела информационных технологий,80000.0,80000.0,RUR,Кемерово,2021-11-26T13:21:21+0300
Программист 1С,70000.0,70000.0,RUR,Москва,2012-11-07T15:45:52+0400
Инженер службы технической поддержки,15000.0,25000.0,RUR,Нижний Новгород,2015-07-31T16:08:51+0300
Программист 1C,140000.0,180000.0,RUR,Москва,2020-10-13T15:57:42+0300
Менеджер проекта,20000.0,30000.0,RUR,Казань,2019-02-16T17:18:34+0300
Ведущий программист 1С,60000.0,75000.0,RUR,Москва,2010-09-01T16:13:19+0400
Инженер отдела телекоммуникаций и связи,33000.0,40000.0,RUR,Воронеж,2014-02-27T10:01:39+0400
Проектировщик для веба и mobile,30000.0,60000.0,RUR,Москва,2013-09-11T03:05:34+0400
Junior Java Developer,20000.0,50000.0,RUR,Санкт-Петербург,2012-05-28T18:15:02+0400
Рекламный агент в социальных сетях (SMM-щик),5000.0,50000.0,RUR,Новосибирск,2017-03-24T11:04:37+0300
Веб-программист,15000.0,25000.0,RUR,Ростов-на-Дону,2017-03-05T03:15:00+0300
Программист DAX 2012,60000.0,80000.0,RUR,Москва,2015-06-22T16:36:53+0300
Тестировщик ПО,60000.0,70000.0,RUR,Санкт-Петербург,2017-04-12T17:16:32+0300
SEO специалист,40000.0,100000.0,RUR,Санкт-Петербург,2013-03-18T19:11:11+0400
Rust разработчик,230000.0,300000.0,RUR,Санкт-Петербург,2021-10-27T16:45:22+0300
Менеджер по продажам в интернет-магазине,50000.0,70000.0,RUR,Санкт-Петербург,2020-08-31T19:44:52+0300
Специалист службы технической поддержки,35000.0,38000.0,RUR,Новосибирск,2020-03-27T11:27:46+0300
Программист Битрикс/Bitrix,70000.0,115000.0,RUR,Тверь,2017-03-15T17:20:28+0300
Работа для мам,30000.0,100000.0,RUR,Нижний Тагил,2015-09-21T17:06:36+0300
Javascript разработчик (node.js developer),110000.0,170000.0,RUR,Челябинск,2018-04-04T16:29:03+0300
Веб-разработчик,15000.0,35000.0,RUR,Бердск,2016-05-25T19:29:19+0300
Помощник руководителя (производство нестандартной мебели),10000.0,25000.0,RUR,Заречный (Пензенская область),2019-04-18T13:40:37+0300
Верстальщик,40000.0,65000.0,RUR,Ульяновск,2018-02-05T09:53:42+0300
Опытный Project Manager в британский FinTech стартап,120000.0,180000.0,RUR,Екатеринбург,2019-07-17T18:33:31+0300
Инженер программист технической поддержки,40000.0,75000.0,RUR,Оренбург,2020-06-19T12:28:33+0300
Дизайнер-верстальщик,20000.0,40000.0,RUR,Санкт-Петербург,2014-09-05T11:43:26+0400
Web-мастер,20000.0,80000.0,RUR,Куровское,2015-10-23T16:32:01+0300
Веб-программист,35000.0,50000.0,RUR,Екатеринбург,2017-01-13T15:44:26+0300
Менеджер по работе с партнерами (affiliate менеджер),65000.0,85000.0,RUR,Москва,2019-06-17T19:44:12+0300
Ведущий тестировщик ПО (ТМ проекта),30000.0,50000.0,RUR,Пенза,2018-01-11T20:20:33+0300
Менеджер по работе с блогерами,40000.0,80000.0,RUR,Сочи,2019-07-28T15:31:37+0300
Инженер-специалист технического сопровождения,20000.0,30000.0,RUR,Москва,2010-05-24T17:55:48+0400
Специалист технической поддержки,35000.0,47000.0,RUR,Москва,2014-06-24T16:35:09+0400
Web-разработчик / помощник,20000.0,30000.0,RUR,Санкт-Петербург,2013-11-17T00:41:47+0400
Программист 1C 8,100000.0,130000.0,RUR,Волгоград,2021-01-20T11:28:02+0300
Консультант 1C,100000.0,150000.0,RUR,Москва,2020-10-12T09:00:56+0300
Ruby On Rails разработчик,50000.0,80000.0,RUR,Казань,2014-04-23T15:19:23+0400
Специалист Help-Desk,25000.0,30000.0,RUR,Москва,2008-01-09T14:04:17+0300
IOS разработчик,50000.0,70000.0,RUR,Новосибирск,2016-07-30T09:00:49+0300
Ведущий программист 1С 8,120000.0,150000.0,RUR,Москва,2014-08-12T10:03:22+0400
Агент по продажам,15000.0,38000.0,RUR,Калуга,2015-01-27T10:39:47+0300
Монтажник слаботочных систем,30000.0,50000.0,RUR,Ижевск,2020-09-22T14:21:45+0300
Монтажник связи,40000.0,70000.0,RUR,Южно-Сахалинск,2020-03-05T17:09:23+0300
Системный администратор,45000.0,55000.0,RUR,Москва,2018-09-05T13:18:21+0300
Проектный менеджер / Специалист по бизнес-процессам,50000.0,60000.0,RUR,Нижний Новгород,2021-02-19T09:34:27+0300
Проектировщик компьютерных сетей,10000.0,15000.0,RUR,Нижний Новгород,2008-02-18T15:32:08+0300
Программист-разработчик,25000.0,150000.0,RUR,Рязань,2018-06-13T11:05:33+0300
Специалист по ремонту и настройке компьютеров,40000.0,65000.0,RUR,Тула,2019-06-16T17:30:24+0300
Junior Java Developer,140000.0,180000.0,RUR,Санкт-Петербург,2020-10-08T19:31:53+0300
Продавец (м. Таганская),48000.0,60000.0,RUR,Москва,2019-03-20T16:25:17+0300
Специалист технической поддержки,32000.0,45000.0,RUR,Владивосток,2019-11-19T07:03:08+0300
Инженер отдела мониторинга и управления,57000.0,57000.0,RUR,Москва,2016-11-16T17:12:44+0300
Администратор баз данных Oracle,200000.0,300000.0,RUR,Москва,2022-03-18T11:48:44+0300
Менеджер проектов,50000.0,70000.0,RUR,Краснодар,2019-04-18T09:36:40+0300
Менеджер по оптовым продажам,40000.0,80000.0,RUR,Москва,2015-02-16T09:14:22+0300
Менеджер по продажам,25000.0,50000.0,RUR,Орлов,2014-09-17T20:28:26+0400
Стажер в IT компанию,12000.0,45000.0,RUR,Орск,2018-12-10T12:04:47+0300
Junior Веб-разработчик (Удаленная работа),20000.0,40000.0,RUR,Санкт-Петербург,2021-01-30T12:02:57+0300
Ведущий инженер по АСУТП,45080.0,45080.0,RUR,Екатеринбург,2021-06-17T10:10:43+0300
Инженер отдела сопровождения,34000.0,40000.0,RUR,Новосибирск,2019-07-25T08:34:38+0300
Монтажник СКС,53000.0,70000.0,RUR,Москва,2021-07-21T17:32:48+0300
Аналитик (1-3 категории),30000.0,45000.0,RUR,Санкт-Петербург,2011-07-20T13:13:52+0400
Токарь,50000.0,70000.0,RUR,Покров,2022-06-22T09:12:57+0300
Тестировщик банковского ПО (Автотестирование),35000.0,45000.0,RUR,Воронеж,2016-11-30T17:24:00+0300
Программист Ruby,75000.0,110000.0,RUR,Калуга,2018-06-02T19:33:25+0300
Специалист контактного центра,18700.0,24300.0,RUR,Ростов-на-Дону,2020-03-16T13:43:28+0300
Инженер-программист АСУТП,40000.0,60000.0,RUR,Омск,2018-02-12T13:53:53+0300
Инженер технической поддержки,35000.0,55000.0,RUR,Москва,2017-10-04T13:48:55+0300
Системный администратор,28000.0,30000.0,RUR,Казань,2018-07-11T14:29:59+0300
Монтажник рекламных конструкций,60000.0,100000.0,RUR,Москва,2021-10-03T15:41:19+0300
Помощник директолога,10000.0,25000.0,RUR,Витебск,2015-08-09T22:57:40+0300
Токарь,41000.0,45000.0,RUR,Набережные Челны,2022-02-07T15:53:49+0300
Инженер 2 категории,40000.0,45000.0,RUR,Когалым,2017-01-09T14:50:47+0300
"Менеджер по работе с клиентами в Сервисном центре ""Сота Сервис""",25000.0,40000.0,RUR,Братск,2019-09-11T12:43:51+0300
Системный администратор,30000.0,35000.0,RUR,Краснодар,2019-01-16T09:19:25+0300
Аналитик,25000.0,35000.0,RUR,Казань,2018-04-05T14:59:22+0300
Консультант,30000.0,70000.0,RUR,Воронеж,2019-03-10T14:44:27+0300
Специалист отдела ИТ,35000.0,35000.0,RUR,Москва,2011-04-25T17:52:12+0400
Программист 1С (технический писатель),50000.0,60000.0,RUR,Владивосток,2013-07-17T03:32:49+0400
Торговый представитель,30000.0,70000.0,RUR,Москва,2013-10-08T08:51:34+0400
Техник-электрик,25000.0,30000.0,RUR,Белгород,2017-05-19T08:21:31+0300
Монтажник,40000.0,58000.0,RUR,Армавир,2018-01-20T22:56:40+0300
Инженер-программист 1С,65000.0,65000.0,RUR,Санкт-Петербург,2017-02-13T10:01:51+0300
SMM-менеджер / Контент-менеджер,35000.0,50000.0,RUR,Москва,2014-07-22T17:31:50+0400
Оператор call-центра (удаленная работа),20000.0,32000.0,RUR,Керчь,2021-02-20T09:27:02+0300
Программист Delphi,40000.0,50000.0,RUR,Воронеж,2015-11-26T16:36:18+0300
Специалист по консультированию абонентов,22000.0,26000.0,RUR,Москва,2012-12-12T09:46:54+0400
PHP программист,35000.0,45000.0,RUR,Санкт-Петербург,2010-11-22T10:01:18+0300
Менеджер/координатор грантов и проектов,40000.0,100000.0,RUR,Москва,2016-06-21T13:55:43+0300
Специалист 1С,80000.0,100000.0,RUR,Москва,2022-04-04T16:57:43+0300
Ведущий специалист по администрированию СУБД,55000.0,65000.0,RUR,Владивосток,2015-10-26T03:52:06+0300
Менеджер по работе с клиентами,25000.0,50000.0,RUR,Архангельск,2016-06-27T19:17:07+0300
GUI- Разработчик,70000.0,90000.0,RUR,Москва,2009-12-14T14:09:44+0300
Web-программист (1C-Битрикс),40000.0,70000.0,RUR,Таганрог,2018-12-05T15:10:35+0300
Разработчик интерфейсов,30000.0,60000.0,RUR,Рязань,2018-03-07T13:57:22+0300
Специалист по оценке имущества,20000.0,25000.0,RUR,Саранск,2020-01-10T16:03:42+0300
Детский фотограф,30000.0,60000.0,RUR,Йошкар-Ола,2016-09-21T11:34:11+0300
Наладчик станков с ЧПУ,72000.0,75000.0,RUR,Краснодар,2020-01-15T14:33:29+0300
Системный администратор,10000.0,10000.0,RUR,Москва,2010-02-08T11:13:35+0300
"Веб, UX/UI Дизайнер",50000.0,70000.0,RUR,Москва,2020-08-03T20:10:46+0300
Специалист службы технической поддержки,10000.0,30000.0,RUR,Москва,2009-10-31T11:47:10+0300
Frontend-разработчик,40000.0,80000.0,RUR,Москва,2014-02-20T18:30:31+0400
Инженер-проектировщик,30000.0,60000.0,RUR,Нижний Новгород,2019-01-17T08:27:50+0300
Менеджер по маркетингу,40000.0,50000.0,RUR,Москва,2019-04-08T09:45:29+0300
Инженер по тестированию,25000.0,40000.0,RUR,Санкт-Петербург,2010-04-19T13:02:22+0400
Менеджер интернет-магазина,40000.0,65000.0,RUR,Москва,2019-10-23T18:22:55+0300
IOS разработчик,140000.0,170000.0,RUR,Москва,2021-07-18T22:27:42+0300
Начинающий специалист в отдел продаж,15000.0,100000.0,RUR,Москва,2020-10-13T13:38:07+0300
Аналитик presale,120000.0,150000.0,RUR,Москва,2020-06-11T12:02:05+0300
Full-Stack Web Developer,100000.0,200000.0,RUR,Санкт-Петербург,2019-03-07T11:45:40+0300
Программист PHP,30000.0,80000.0,RUR,Донецк (Украина),2014-01-02T22:25:59+0400
Специалист по недвижимости – эксперт по району Homeapp,80000.0,300000.0,RUR,Москва,2018-07-03T13:23:11+0300
Программист Flash,40000.0,60000.0,RUR,Санкт-Петербург,2010-01-27T15:40:04+0300
Оператор,40000.0,40000.0,RUR,Электросталь,2018-02-16T11:58:55+0300
Системный аналитик,70990.0,70990.0,RUR,Новосибирск,2014-06-17T09:12:37+0400
Оператор call-центра,23000.0,26000.0,RUR,Казань,2017-01-12T17:56:00+0300
Digital специалист,30000.0,35000.0,RUR,Омск,2018-10-08T06:53:28+0300
Менеджер по продажам,35000.0,50000.0,RUR,Санкт-Петербург,2017-02-20T12:39:19+0300
Системный администратор,25000.0,30000.0,RUR,Омск,2018-06-19T04:38:21+0300
Сервисный инженер,40000.0,65000.0,RUR,Тольятти,2019-04-12T09:44:58+0300
Системный администратор в IT компанию,45000.0,70000.0,RUR,Санкт-Петербург,2017-05-12T18:17:16+0300
"Промоутер (+ обход по квартирам , расклейка )",20000.0,35000.0,RUR,Москва,2015-04-17T13:13:42+0300
Бизнес-консультант (SAP и 1С),35000.0,40000.0,RUR,Иркутск,2016-03-25T10:46:15+0300
Технический специалист (г. Зеленоград),24000.0,33600.0,RUR,Зеленоград,2014-01-30T10:11:47+0400
Торговый представитель,25000.0,45000.0,RUR,Тихорецк,2016-07-12T11:19:50+0300
Администратор рабочих станций,25000.0,30000.0,RUR,Санкт-Петербург,2011-01-20T13:11:25+0300
Программист-разработчик,50000.0,100000.0,RUR,Санкт-Петербург,2018-01-23T08:11:30+0300
Продавец,45000.0,105000.0,RUR,Санкт-Петербург,2020-02-13T11:56:54+0300
Системный/сетевой администратор,20000.0,25000.0,RUR,Ростов-на-Дону,2013-09-06T11:52:43+0400
Секретарь,40000.0,40000.0,RUR,Москва,2018-03-25T11:45:32+0300
Специалист технической поддержки первой линии (helpdesk),50000.0,50000.0,RUR,Санкт-Петербург,2017-08-31T12:05:25+0300
Системный администратор,22000.0,26000.0,RUR,Ярославль,2017-06-21T09:23:46+0300
Middle Java разработчик,200000.0,300000.0,RUR,Москва,2022-04-05T11:05:20+0300
Оператор,18000.0,25000.0,RUR,Горбатовка,2018-06-08T01:52:46+0300
Программист 1С,110000.0,160000.0,RUR,Москва,2021-10-19T20:28:33+0300
Руководитель проектов,20000.0,45000.0,RUR,Вологда,2016-05-09T12:51:47+0300
Агент по продаже недвижимости,65000.0,300000.0,RUR,Санкт-Петербург,2017-11-22T12:27:28+0300
"Laravel (Senior, Upper-middle)",110000.0,150000.0,RUR,Казань,2021-01-21T10:07:02+0300
Менеджер по продажам,40000.0,300000.0,RUR,Москва,2017-02-20T09:52:32+0300
Программист-разработчик Битрикс (удаленно),70000.0,80000.0,RUR,Москва,2020-06-10T19:11:58+0300
Frontend-разработчик / верстальщик,25000.0,60000.0,RUR,Калининград,2016-04-11T21:17:26+0300
Оператор гибочного станка с ЧПУ,53000.0,85000.0,RUR,Нижний Новгород,2022-06-07T17:57:59+0300
IT-специалист,30000.0,35000.0,RUR,Москва,2008-07-15T10:39:40+0400
ИТ специалист/ системный администратор,15000.0,35000.0,RUR,Киев,2013-11-26T22:37:43+0400
IT-специалист,30000.0,40000.0,RUR,Воронеж,2017-04-27T15:31:30+0300
Директор по дистанционным продажам,80000.0,150000.0,RUR,Москва,2020-09-21T14:11:32+0300
Системный администратор,34000.0,34000.0,RUR,Новосибирск,2018-12-11T11:33:43+0300
Delphi разработчик (Senior),100000.0,150000.0,RUR,Великий Новгород,2018-11-18T13:09:52+0300
Специалист по приему входящих звонков,21000.0,35000.0,RUR,Воронеж,2021-01-21T10:23:34+0300
Менеджер отдела продаж,25000.0,45000.0,RUR,Тольятти,2019-08-12T09:38:06+0300
Web-дизайнер,30000.0,60000.0,RUR,Санкт-Петербург,2008-09-02T10:19:43+0400
Инженер-электронщик (производственное оборудование),70000.0,80000.0,RUR,Лобня,2017-06-13T16:38:27+0300
Концепт-художник (Новосибирск),50000.0,70000.0,RUR,Барнаул,2020-07-15T08:14:18+0300
Менеджер по сопровождению клиентов,50000.0,60000.0,RUR,Екатеринбург,2019-07-15T15:31:49+0300
Оператор сall - центра,27000.0,33000.0,RUR,Тверь,2014-11-14T10:32:16+0300
Web-программист на 1С-Битрикс,50000.0,130000.0,RUR,Симферополь,2018-07-03T11:41:20+0300
Менеджер по продажам / Sales-manager /,20000.0,60000.0,RUR,Сыктывкар,2018-11-12T19:01:04+0300
QA engineer/тестировщик,40000.0,60000.0,RUR,Санкт-Петербург,2018-09-04T22:34:04+0300
Аналитик (Управление проектами),35000.0,40000.0,RUR,Москва,2019-09-26T19:03:39+0300
Менеджер по продажам (телемаркетинг),35000.0,60000.0,RUR,Москва,2014-01-15T11:10:50+0400
PR-менеджер (сфера интернет-маркетинг),55000.0,70000.0,RUR,Москва,2016-03-14T16:27:10+0300
Копирайтер / Автор статей удаленно (есть тестовое задание на 5 мин),40000.0,40000.0,RUR,Москва,2018-12-24T21:08:15+0300
"Руководитель группы мониторинга, анализа и планирования",25000.0,37500.0,RUR,Тула,2020-07-01T19:20:38+0300
Менеджер по продажам услуг,15000.0,50000.0,RUR,Томск,2018-11-08T13:32:12+0300
Начальник отдела активных продаж,60000.0,120000.0,RUR,Уфа,2020-09-14T13:41:53+0300
Художник по спецэффектам / FX Artist (Unity3D),50000.0,70000.0,RUR,Иваново (Ивановская область),2015-05-12T09:30:21+0300
Оператор,20000.0,20000.0,RUR,Омск,2018-03-29T12:16:48+0300
SEO-оптимизатор,30000.0,70000.0,RUR,Нижний Новгород,2019-03-14T12:18:00+0300
SCADA-программист,40000.0,65000.0,RUR,Уфа,2014-12-05T12:06:13+0300
Инженер-установщик,20000.0,60000.0,RUR,Белгород,2019-08-03T09:14:07+0300
Оператор информационных систем,20000.0,20000.0,RUR,Пермь,2019-01-10T11:55:48+0300
Торговый агент,25000.0,35000.0,RUR,Красногорск,2015-07-24T09:17:37+0300
Специалист по консультированию абонентов,22000.0,26000.0,RUR,Москва,2012-09-25T11:50:13+0400
Менеджер по продажам (г. Альметьевск),25000.0,30000.0,RUR,Альметьевск,2018-11-29T17:25:57+0300
Менеджер по продажам B2B,60000.0,90000.0,RUR,Москва,2019-02-23T10:15:19+0300
Менеджер почтового отдела,30000.0,44000.0,RUR,Москва,2019-06-26T11:53:13+0300
Senior Android Developer,150000.0,200000.0,RUR,Москва,2020-08-23T14:16:02+0300
Руководитель интернет-проекта,25000.0,30000.0,RUR,Саянск,2016-02-23T20:18:15+0300
Программист IBM - Cognos TM1,60000.0,100000.0,RUR,Томск,2016-08-04T12:19:21+0300
Менеджер по продажам,35000.0,50000.0,RUR,Санкт-Петербург,2009-07-29T16:22:16+0400
Руководитель отдела продаж,30000.0,45000.0,RUR,Воронеж,2016-08-01T10:06:10+0300
Администратор сайта Web программист,30000.0,150000.0,RUR,Москва,2019-02-28T19:08:33+0300
Менеджер по интернет-проектам,20000.0,30000.0,RUR,Москва,2008-08-04T18:27:11+0400
Верстальщик/специалист по верстке,45000.0,45000.0,RUR,Мытищи,2021-10-09T18:06:42+0300
Менеджер проектов,40000.0,45000.0,RUR,Краснодар,2018-01-11T09:14:35+0300
Java Team Leader,220000.0,260000.0,RUR,Санкт-Петербург,2018-12-28T16:12:49+0300
Оператор колл-центра/телемаркетолог,12000.0,21000.0,RUR,Санкт-Петербург,2014-04-11T08:16:01+0400
Технический редактор,25000.0,35000.0,RUR,Москва,2009-01-28T17:54:44+0300
Системный администратор,30000.0,30000.0,RUR,Елец,2020-04-06T13:18:21+0300
Оператор,18000.0,25000.0,RUR,Луза,2018-06-07T10:51:57+0300
Программист 1С,40000.0,70000.0,RUR,Уфа,2014-07-14T13:36:46+0400
Верстальщик,30000.0,50000.0,RUR,Новочеркасск,2016-05-16T17:06:03+0300
Ведущий инженер-монтажник слаботочных систем (Руководитель проекта),50000.0,70000.0,RUR,Краснодар,2019-04-17T15:01:12+0300
Системный администратор,20000.0,55000.0,RUR,Нижний Новгород,2017-07-20T10:19:38+0300
Специалист отдела поддержки пользователей,25000.0,35000.0,RUR,Калуга,2021-03-02T17:38:58+0300
Электромонтер,15000.0,17500.0,RUR,Канаш,2019-05-30T15:33:28+0300
Специалист по поисковой оптимизации (SEO),35000.0,45000.0,RUR,Москва,2013-07-25T16:15:24+0400
Инженер по ремонту банковского оборудования,30000.0,35000.0,RUR,Тверь,2017-10-09T10:56:24+0300
Web-дизайнер,20000.0,80000.0,RUR,Черногорск,2015-10-23T16:31:37+0300
Разработчик Ruby on Rails,80000.0,120000.0,RUR,Хабаровск,2017-12-07T13:15:00+0300
Web-разработчик/Веб-программист,30000.0,48000.0,RUR,Уфа,2018-12-26T08:54:17+0300
Веб-программист,25000.0,35000.0,RUR,Пермь,2017-07-27T16:09:23+0300
Программист 1C (Москва),80000.0,110000.0,RUR,Москва,2014-07-17T08:23:55+0400
Инженер по установке оборудования,45000.0,50000.0,RUR,Санкт-Петербург,2013-11-18T14:16:42+0400
ART-Директор / Web-дизайнер,80000.0,110000.0,RUR,Казань,2018-11-21T07:06:03+0300
Инженер службы поддержки клиентов,30000.0,40000.0,RUR,Москва,2018-04-17T11:22:54+0300
Менеджер по персоналу,12000.0,32000.0,RUR,Северодвинск,2016-05-22T19:02:21+0300
Оператор,18000.0,25000.0,RUR,Ряжск,2018-06-09T09:54:00+0300
Арт-директор,100000.0,150000.0,RUR,Москва,2013-02-09T08:23:17+0400
Аккаунт-менеджер (менеджер проектов),30000.0,90000.0,RUR,Чебоксары,2019-08-09T13:34:53+0300
Менеджер по работе с клиентами,30000.0,50000.0,RUR,Казань,2021-01-27T12:07:34+0300
Менеджер по продажам систем безопасности,30000.0,55000.0,RUR,Санкт-Петербург,2014-11-19T10:11:52+0300
.NET Fullstack Developer / разработчик C#,70000.0,110000.0,RUR,Нижний Новгород,2019-02-01T10:16:00+0300
SEO-специалист,45000.0,60000.0,RUR,Екатеринбург,2021-07-15T08:33:03+0300
Наладчик станков с ЧПУ,72000.0,74000.0,RUR,Чебоксары,2018-10-31T10:01:46+0300
1С Программист,60000.0,80000.0,RUR,Анапа,2017-08-24T16:44:57+0300
Программист 1С,55000.0,70000.0,RUR,Уфа,2017-09-04T11:44:15+0300
Архитектор OpenText,80000.0,130000.0,RUR,Саранск,2018-09-24T12:28:04+0300
Монтажник строитель в IT-отдел,30000.0,30000.0,RUR,Кимовск,2018-06-05T14:30:31+0300
Инженер по обслуживанию систем безопасности,35000.0,50000.0,RUR,Санкт-Петербург,2012-11-06T09:39:20+0400
Ведущий C# разработчик / Senior .NET developer / Team Lead,140000.0,200000.0,RUR,Москва,2016-08-19T17:55:08+0300
Руководитель отдела корпоративных продаж,120000.0,300000.0,RUR,Москва,2016-07-13T17:17:18+0300
Технический секретарь,30000.0,35000.0,RUR,Санкт-Петербург,2019-12-25T11:50:11+0300
Оператор,18000.0,25000.0,RUR,Виля,2018-06-08T06:52:39+0300
Инженер отдела поддержки пользователей,23000.0,24000.0,RUR,Оренбург,2019-07-18T13:59:51+0300
Менеджер по продажам решений для автоматизации бизнеса,50000.0,80000.0,RUR,Владивосток,2016-01-11T11:54:21+0300
Разработчик 1С-Битрикс,20000.0,50000.0,RUR,Москва,2010-06-21T17:09:40+0400
Менеджер по продажам,30000.0,50000.0,RUR,Санкт-Петербург,2010-11-15T17:14:49+0300
Помощник системного администратора,40000.0,50000.0,RUR,Санкт-Петербург,2022-01-12T19:22:06+0300
Программист C# (ASP.NET MVC),85000.0,105000.0,RUR,Москва,2011-10-18T18:50:27+0400
Web-программист,70000.0,140000.0,RUR,Москва,2020-08-26T14:51:59+0300
Менеджер по продажам,15000.0,60000.0,RUR,Новосибирск,2010-11-11T00:13:03+0300
Руководитель группы (сектор корпоративных продаж),40000.0,70000.0,RUR,Москва,2008-02-28T16:54:25+0300
Монтажник связи (в Moсквe),45000.0,55000.0,RUR,Тамбов,2016-10-02T12:17:13+0300
Программист 1С,25000.0,40000.0,RUR,Красноярск,2011-01-17T07:33:00+0300
Программист PHP,50000.0,70000.0,RUR,Москва,2014-04-24T20:49:50+0400
Разработчик ASP.NET,40000.0,120000.0,RUR,Москва,2016-06-11T14:48:23+0300
Специалист в области автоматизации торговых предприятий,25000.0,40000.0,RUR,Астрахань,2013-04-18T10:53:25+0400
Архитектор 1С,150000.0,230000.0,RUR,Калининград,2018-07-16T11:59:02+0300
Оператор станков с ЧПУ,60000.0,60000.0,RUR,Голицыно,2017-06-29T11:02:06+0300
Координатор проекта,35000.0,40000.0,RUR,Москва,2018-08-16T11:48:12+0300
Директолог/SEO специалист,70000.0,100000.0,RUR,Санкт-Петербург,2021-09-23T12:25:30+0300
Специалист технической поддержки,50000.0,50000.0,RUR,Москва,2017-06-29T09:39:54+0300
Оператор отдела информационных технологий,30000.0,36000.0,RUR,Москва,2017-02-09T14:06:52+0300
Оператор станка с ЧПУ,40000.0,45000.0,RUR,Санкт-Петербург,2022-04-04T15:50:24+0300
Программист 1C,35000.0,45000.0,RUR,Тула,2014-01-21T23:16:39+0400
Специалист технической поддержки,25000.0,30000.0,RUR,Барнаул,2020-04-10T12:36:13+0300
Трафик-менеджер (media-buyer),50000.0,150000.0,RUR,Москва,2018-08-01T15:47:09+0300
Менеджер офиса продаж,31000.0,93000.0,RUR,Калуга,2020-03-11T10:47:53+0300
SEO-оптимизатор,50000.0,90000.0,RUR,Москва,2019-06-10T12:15:57+0300
Программист 1С,60000.0,80000.0,RUR,Сочи,2019-02-19T18:37:38+0300
Инженер-монтажник в компьютерный отдел сервисного центра,28000.0,30000.0,RUR,Ярославль,2018-03-06T16:18:00+0300
Менеджер по маркетингу и продажам,50000.0,120000.0,RUR,Москва,2017-03-23T14:02:23+0300
QA Engineer/тестировщик,50000.0,70000.0,RUR,Москва,2018-11-16T14:45:28+0300
Программист Битрикс,80000.0,150000.0,RUR,Москва,2020-08-03T13:55:12+0300
Помощник системного администратора,20000.0,25000.0,RUR,Санкт-Петербург,2013-05-13T14:39:09+0400
"Ведущий разработчик C#, ASP.NET Core",140000.0,200000.0,RUR,Хабаровск,2020-02-13T11:58:28+0300
Интернет маркетолог (удаленная работа),50000.0,90000.0,RUR,Уфа,2021-07-15T09:52:06+0300
Python-разработчик,40000.0,110000.0,RUR,Екатеринбург,2018-05-12T12:37:35+0300
Продавец-консультант в салон сотовой связи Мегафон(ночь),25000.0,40000.0,RUR,Москва,2014-04-02T14:25:45+0400
Web-программист,45000.0,60000.0,RUR,Воронеж,2017-11-14T14:56:37+0300
SMM-специалист,20000.0,45000.0,RUR,Санкт-Петербург,2015-06-27T21:18:20+0300
Ведущий системный администратор,30000.0,40000.0,RUR,Саров,2014-07-22T12:31:09+0400
Программист 1С,50000.0,90000.0,RUR,Санкт-Петербург,2015-03-02T19:20:40+0300
3D аниматор,60000.0,80000.0,RUR,Санкт-Петербург,2013-11-27T11:17:12+0400
Оператор станков с ПУ,30000.0,90000.0,RUR,Первоуральск,2022-01-25T08:17:45+0300
Project Manager,50000.0,70000.0,RUR,Москва,2008-12-15T11:42:54+0300
Мастер по ремонту компьютеров,120000.0,200000.0,RUR,Москва,2020-10-14T11:37:18+0300
Руководитель отдела продаж по электронным площадкам (Новый город),30000.0,60000.0,RUR,Ульяновск,2014-12-29T09:38:49+0300
Системный администратор,20000.0,23000.0,RUR,Волгоград,2016-12-15T11:52:09+0300
Специалист сервисной ячейки,30000.0,35000.0,RUR,Москва,2013-05-16T09:25:15+0400
Менеджер по региональному развитию (работа в офисе),35000.0,70000.0,RUR,Тюмень,2019-07-30T12:18:36+0300
PHP программист,20000.0,40000.0,RUR,Ярославль,2012-03-12T10:42:35+0400
Монтажник слаботочных систем,20000.0,25000.0,RUR,Кемерово,2018-10-26T10:01:53+0300
Инженер первой линии технической поддержки,30000.0,50000.0,RUR,Санкт-Петербург,2016-04-28T08:39:29+0300
Младший веб-разработчик,35000.0,45000.0,RUR,Санкт-Петербург,2018-10-12T15:07:04+0300
Junior Ruby on Rails разработчик,40000.0,80000.0,RUR,Москва,2018-05-15T17:51:53+0300
Специалист технической поддержки Philips (украинский язык),37700.0,37700.0,RUR,Москва,2015-09-23T10:44:08+0300
SEO-оптимизатор,60000.0,82000.0,RUR,Санкт-Петербург,2017-02-14T23:05:46+0300
Специалист 1С (Консультант),40000.0,125000.0,RUR,Москва,2017-08-18T22:36:52+0300
Технический специалист в отдел реализации проектов,20000.0,25000.0,RUR,Энем,2016-08-25T15:08:32+0300
Технолог-программист для металлообрабатывающего оборудования,40000.0,100000.0,RUR,Санкт-Петербург,2017-05-17T10:56:01+0300
Ассистент менеджера проектов (assistant project manager),24000.0,28000.0,RUR,Москва,2008-12-16T15:33:20+0300
Ведущий разработчик (Ruby),200000.0,200000.0,RUR,Москва,2021-01-18T14:23:52+0300
Старший аналитик (автоматизация бюджетного процесса вгосударственных органах),40000.0,80000.0,RUR,Москва,2010-05-07T10:13:51+0400
Инженер АСУ,35000.0,35000.0,RUR,Соликамск,2019-04-16T08:28:30+0300
Инженер технической поддержки,17000.0,30000.0,RUR,Санкт-Петербург,2012-01-18T09:55:39+0400
Менеджер по рекламе,35000.0,120000.0,RUR,Москва,2019-02-12T16:02:20+0300
Программист-разработчик,50000.0,80000.0,RUR,Химки,2016-10-07T12:53:39+0300
Младший интернет-маркетолог/ Junior маркетолог,40000.0,45000.0,RUR,Москва,2019-07-12T14:41:37+0300
Оператор,18000.0,25000.0,RUR,Милославское,2018-06-09T14:54:24+0300
Консультант по продажам,30000.0,100000.0,RUR,Могоча,2015-10-23T13:03:29+0300
Разработчик баз данных (MS SQL),25000.0,35000.0,RUR,Оренбург,2014-04-25T12:07:25+0400
Инженер-схемотехник,60000.0,85000.0,RUR,Санкт-Петербург,2016-09-13T19:10:05+0300
Помощник руководителя / маркетолога,20000.0,25000.0,RUR,Курск,2020-05-30T13:24:33+0300
Менеджер по продажам в интернет-магазине,33627.0,95227.0,RUR,Красногорск,2019-09-10T12:09:31+0300
Контент-менеджер интернет магазина приборов контроля,25000.0,30000.0,RUR,Волгоград,2021-03-09T12:24:15+0300
Руководитель проекта (управляющий),20000.0,45000.0,RUR,Казань,2012-03-21T15:39:37+0400
Программист 1С в отдел разработки,50000.0,80000.0,RUR,Красноярск,2014-02-04T19:28:15+0400
Программист 1С,60000.0,70000.0,RUR,Москва,2010-10-05T12:02:36+0400
Монтажник слаботочных систем,30000.0,35000.0,RUR,Новороссийск,2021-01-18T10:37:03+0300
Специалист,15000.0,25000.0,RUR,Махачкала,2019-12-15T03:00:28+0300
Менеджер по продажам,30000.0,60000.0,RUR,Сургут,2020-05-15T06:51:22+0300
Программист 1С,60000.0,60000.0,RUR,Москва,2009-11-24T16:20:08+0300
Тестировщик,40000.0,70000.0,RUR,Казань,2020-07-23T16:04:28+0300
Специалист по контекстной рекламе,40000.0,70000.0,RUR,Москва,2019-11-26T21:50:29+0300
Менеджер работе с текущими Клиентами,20000.0,60000.0,RUR,Тюмень,2018-06-04T07:07:19+0300
Менеджер проектов,25000.0,150000.0,RUR,Санкт-Петербург,2018-10-12T10:45:58+0300
Редактор каталога,28000.0,48000.0,RUR,Владивосток,2015-10-05T09:47:14+0300
Оператор на дому / менеджер колл-центра,25000.0,67000.0,RUR,Саратов,2020-07-13T10:02:19+0300
JavaScript-разработчик,60000.0,100000.0,RUR,Челябинск,2018-08-24T12:18:24+0300
Менеджер по развитию ключевых клиентов,32000.0,60000.0,RUR,Тула,2019-01-18T08:51:12+0300
Разработчик Frontend,45000.0,71000.0,RUR,Ярославль,2020-05-25T14:20:37+0300
Супервайзер,35000.0,40000.0,RUR,Москва,2010-09-06T14:48:07+0400
Оператор - консультант,24000.0,27000.0,RUR,Улан-Удэ,2016-04-13T18:15:04+0300
Ведущий программист 1С,84000.0,95000.0,RUR,Пермь,2020-10-06T13:08:18+0300
Оператор контактного центра,29000.0,42500.0,RUR,Пермь,2020-10-01T09:28:32+0300
Торговый представитель,27000.0,45000.0,RUR,Рассказово,2017-01-23T09:06:11+0300
Менеджер по продажам Учетного софта (Екатеринбург),30000.0,35000.0,RUR,Екатеринбург,2016-10-06T12:39:09+0300
Оператор клиентской поддержки,28000.0,32000.0,RUR,Тула,2017-09-08T13:45:18+0300
Flutter Developer,80000.0,160000.0,RUR,Москва,2022-04-03T17:16:20+0300
Менеджер по продажам,15000.0,30000.0,RUR,Ростов-на-Дону,2011-04-18T10:24:07+0400
Специалист абонентского отдела,22000.0,27500.0,RUR,Уфа,2018-05-25T13:52:53+0300
Оператор call-центра,25000.0,25000.0,RUR,Севастополь,2018-02-06T12:41:09+0300
"Frontend-разработчик (верстка, js)",35000.0,50000.0,RUR,Самара,2016-01-31T12:05:57+0300
Техник в Сочи,17500.0,20300.0,RUR,Донской,2014-01-03T15:45:18+0400
Менеджер интернет-магазина,17000.0,17000.0,RUR,Ростов-на-Дону,2015-03-14T18:25:08+0300
Технический консультант/Инженер сервисной зоны,19000.0,19000.0,RUR,Ковров,2016-10-19T12:14:50+0300
Инженер технической поддержки,20000.0,25000.0,RUR,Кострома,2014-10-14T09:21:16+0400
Администратор в отдел спортивной информации,17000.0,17000.0,RUR,Ростов-на-Дону,2009-06-23T09:38:20+0400
"Мастер по ремонту телефонов, планшетов, ноутбуков",55000.0,70000.0,RUR,Москва,2019-04-09T12:45:37+0300
Инженер службы технической поддержки,50000.0,70000.0,RUR,Москва,2016-02-25T17:19:28+0300
Менеджер по проектам (Project manager),100000.0,120000.0,RUR,Москва,2019-01-22T12:38:04+0300
Координатор проекта,18000.0,20000.0,RUR,Санкт-Петербург,2011-03-21T12:35:14+0300
Frontend-разработчик,40000.0,120000.0,RUR,Красноярск,2016-11-28T09:44:38+0300
Менеджер отдела продаж,30000.0,70000.0,RUR,Москва,2014-03-24T14:34:22+0400
Аналитик 1с,35000.0,50000.0,RUR,Краснодар,2021-01-23T20:34:24+0300
Оператор станков с ЧПУ,62000.0,75000.0,RUR,Климово (Брянская область),2018-03-30T16:17:22+0300
Разработчик,40000.0,80000.0,RUR,Екатеринбург,2019-05-14T13:46:29+0300
Системный администратор,42000.0,62000.0,RUR,Нижний Новгород,2019-10-07T07:20:06+0300
Инженер-программист,45000.0,85000.0,RUR,Москва,2015-04-20T22:12:31+0300
Web Разработчик (.net core),125000.0,145000.0,RUR,Москва,2019-10-01T12:44:13+0300
Маркетолог,25000.0,35000.0,RUR,Иркутск,2018-08-27T15:56:14+0300
Инженер-электронщик,50000.0,75000.0,RUR,Армавир,2021-03-08T13:56:09+0300
Ведущий PHP-разработчик,80000.0,120000.0,RUR,Москва,2014-01-31T08:06:31+0400
Специалист по продажам (Продавец-консультант) в салон обслуживания Билайн (г. Кириши),30000.0,50000.0,RUR,Кириши,2015-07-27T18:19:05+0300
Разработчик MS SQL Server,130000.0,160000.0,RUR,Москва,2020-03-02T12:39:24+0300
Менеджер по продажам,18000.0,40000.0,RUR,Нижний Новгород,2011-04-25T10:21:34+0400
Технический специалист,25000.0,31000.0,RUR,Москва,2018-03-21T11:57:22+0300
Менеджер по продажам,10000.0,20000.0,RUR,Калининград,2015-10-16T15:46:09+0300
Продавец-консультант в салоны связи Билайн,30000.0,45000.0,RUR,Сертолово,2015-08-20T11:12:27+0300
Програмист,5000.0,5000.0,RUR,Абинск,2016-08-11T19:03:00+0300
Оператор пункта выдачи заказов,30000.0,35000.0,RUR,Одинцово,2020-02-04T19:02:56+0300
Программист 1С-стажер,20000.0,80000.0,RUR,Москва,2015-10-08T12:03:21+0300
Контент-менеджер,16000.0,23000.0,RUR,Нижний Новгород,2014-05-19T11:34:01+0400
Программист Axapta,120000.0,150000.0,RUR,Санкт-Петербург,2019-11-18T12:42:44+0300
Web-разработчик,80000.0,100000.0,RUR,Санкт-Петербург,2019-08-23T09:59:27+0300
Специалист по Интернет маркетингу,25000.0,40000.0,RUR,Москва,2012-02-03T20:08:19+0400
Специалист по подготовке коммерческих предложений,10000.0,20000.0,RUR,Омск,2018-02-14T13:53:58+0300
Оператор,18000.0,25000.0,RUR,Октябрьский (Рязанская область),2018-06-08T09:54:10+0300
Маркетолог,30000.0,50000.0,RUR,Волгоград,2017-03-14T10:17:37+0300
Системный администратор,50000.0,60000.0,RUR,Дмитров,2020-09-23T12:33:58+0300
Оператор технической поддержки,15000.0,25000.0,RUR,Нижний Новгород,2011-10-10T16:26:19+0400
Инженер по разработке и реализации технических решений,70000.0,90000.0,RUR,Москва,2020-01-22T10:26:03+0300
Контент-менеджер / Копирайтер с опытом СЕО-продвижения,40000.0,50000.0,RUR,Москва,2013-05-29T09:46:11+0400
Интернет-маркетолог,80000.0,100000.0,RUR,Москва,2020-03-10T15:05:05+0300
International Business Development Manager (English),150000.0,300000.0,RUR,Москва,2018-08-02T11:44:30+0300
Монтажник ВОЛС,25000.0,40000.0,RUR,Выселки,2018-08-22T10:31:55+0300
Оператор на телефоне,21000.0,25000.0,RUR,Москва,2009-05-13T16:54:49+0400
Веб-программист,180000.0,200000.0,RUR,Москва,2019-09-04T09:44:14+0300
Менеджер по технической поддержке,30000.0,60000.0,RUR,Москва,2017-07-07T11:10:33+0300
Web-мастер (SEO оптимизатор),40000.0,60000.0,RUR,Санкт-Петербург,2014-08-29T11:47:25+0400
Программист c# .net unity,50000.0,80000.0,RUR,Москва,2014-09-10T08:17:59+0400
Программист PHP / Symfony,80000.0,110000.0,RUR,Москва,2012-06-10T08:15:46+0400
FullStack Web developer (Фронт-энд/Бэк-энд разработчик),120000.0,160000.0,RUR,Москва,2017-04-08T12:22:40+0300
Методолог e-learning/ Дизайнер учебного опыта,40000.0,60000.0,RUR,Москва,2017-09-23T11:28:03+0300
Старший инженер-программист,55000.0,60000.0,RUR,Новокузнецк,2020-04-24T14:46:56+0300
Заместитель начальника отдела развития информационных систем,30000.0,33000.0,RUR,Москва,2020-05-15T11:17:38+0300
Продавец-консультант сотовой техники и услуг Билайн,22000.0,27500.0,RUR,Киров (Кировская область),2019-02-18T17:08:19+0300
Монтажник,82000.0,89000.0,RUR,Калуга,2018-05-31T13:24:42+0300
Специалист службы технической поддержки,15000.0,25000.0,RUR,Москва,2010-01-20T15:30:52+0300
Ученик геймдизайнер/сценарист в игровую студию,5000.0,15000.0,RUR,Казань,2017-06-30T14:59:44+0300
Менеджер интернет-проектов / Project manager,60000.0,90000.0,RUR,Санкт-Петербург,2019-07-14T13:09:35+0300
Системный администратор,30000.0,35000.0,RUR,Набережные Челны,2018-02-27T08:37:36+0300
Программист-консультант 1С,50000.0,90000.0,RUR,Новосибирск,2016-06-29T14:00:44+0300
Архитектор БД (database engineer),120000.0,160000.0,RUR,Москва,2017-06-30T17:15:23+0300
Программист PHP,35000.0,40000.0,RUR,Санкт-Петербург,2009-06-11T13:48:00+0400
Senior Linux Administrator / DevOps,180000.0,230000.0,RUR,Москва,2018-03-14T23:33:34+0300
ABIEU-White-Russia001_MCH_Test,3000.0,7000.0,RUR,Чоя,2017-04-06T15:03:22+0300
SEO-специалист,50000.0,100000.0,RUR,Москва,2018-10-31T20:17:54+0300
IOS разработчик,70000.0,80000.0,RUR,Москва,2016-01-18T17:13:29+0300
Инженер по оборудованию Cisco,40000.0,57000.0,RUR,Москва,2008-01-09T16:30:36+0300
Системный аналитик,80000.0,110000.0,RUR,Новосибирск,2020-01-29T11:28:06+0300
"Продавец-консультант в салон связи TELE2 (ТРЦ ""Юбилейный"", ТРЦ ""Silver Mall"", ТЦ ""Ручей"")",25000.0,40000.0,RUR,Иркутск,2019-09-04T14:25:42+0300
Менеджер по продажам и работе с клиентами,70000.0,150000.0,RUR,Москва,2016-11-25T13:31:23+0300
Разработчик Python/Прогр­аммист Python,50000.0,80000.0,RUR,Новосибирск,2013-03-26T12:48:14+0400
"Специалист в офис продаж ""Билайн""",48000.0,80000.0,RUR,Москва,2020-03-17T11:42:55+0300
Оператор call-центра,25000.0,33000.0,RUR,Красноярск,2020-09-07T12:49:05+0300
Техник по ремонту и обслуживанию кинооборудования,26000.0,40000.0,RUR,Усолье-Сибирское,2016-08-18T06:50:03+0300
Technical Pre-sale manager (Storages),100000.0,130000.0,RUR,Москва,2013-03-06T11:07:43+0400
Инженер-программист АСУ ТП,35000.0,80000.0,RUR,Москва,2015-02-03T08:46:52+0300
Куратор сервисных инженеров,30000.0,35000.0,RUR,Москва,2010-10-05T07:46:56+0400
Программист Delphi,27000.0,40000.0,RUR,Уфа,2017-03-17T14:01:20+0300
Менеджер по продажам IT,20000.0,50000.0,RUR,Казань,2010-02-17T11:42:36+0300
Инженер-программист GO (Система мониторинга оборудования),130000.0,200000.0,RUR,Москва,2019-07-29T20:04:59+0300
Младший специалист отдела сопровождения операционных процессов,10000.0,12000.0,RUR,Новосибирск,2012-11-13T12:02:02+0400
Руководитель отдела внедрения,40000.0,50000.0,RUR,Рязань,2008-09-08T09:31:53+0400
Монтажник систем мониторинга транспорта,30000.0,90000.0,RUR,Ставрополь,2021-11-19T16:01:11+0300
Торговый представитель,27000.0,37000.0,RUR,Тамбов,2015-03-30T08:59:28+0300
Техник по подключению,20000.0,30000.0,RUR,Нижний Новгород,2013-04-15T09:40:09+0400
Копирайтер,30000.0,40000.0,RUR,Москва,2015-09-10T11:44:25+0300
Выездной специалист компьютерной помощи,22000.0,40000.0,RUR,Санкт-Петербург,2012-08-31T13:03:09+0400
Монтажник,40000.0,70000.0,RUR,Москва,2014-12-22T15:16:47+0300
Web-дизайнер,15000.0,20000.0,RUR,Белгород,2013-04-16T13:09:33+0400
Менеджер по продажам (телемаркетинг),35000.0,55000.0,RUR,Москва,2013-06-20T12:06:01+0400
Менеджер по закупкам,35000.0,70000.0,RUR,Санкт-Петербург,2015-08-07T17:35:51+0300
Ведущий разработчик (PHP) в г. Сочи,110500.0,138000.0,RUR,Санкт-Петербург,2018-08-27T10:34:07+0300
Программист 1С / стажер,10000.0,60000.0,RUR,Владивосток,2018-03-26T07:44:18+0300
Менеджер по работе с постоянными клиентами,32500.0,40000.0,RUR,Лыткарино,2011-10-04T17:33:22+0400
Руководитель группы прямых продаж,35000.0,45000.0,RUR,Нижний Новгород,2014-04-28T08:47:01+0400
"Software Engineer, iOS",30000.0,180000.0,RUR,Омск,2015-10-15T07:17:12+0300
Тестировщик ПО (QA),20000.0,35000.0,RUR,Барнаул,2015-12-24T08:12:39+0300
Дизайнер in-house (интернет-агентство),40000.0,60000.0,RUR,Зеленоград,2020-03-16T09:45:05+0300
Инженер СКС,50000.0,50000.0,RUR,Москва,2018-10-09T07:34:27+0300
Специалист технической поддержки,30000.0,35000.0,RUR,Симферополь,2021-01-28T10:30:09+0300
Специалист по продажам интернета и телефонии,18000.0,30000.0,RUR,Казань,2017-01-09T10:05:29+0300
Архитектор PHP,80000.0,100000.0,RUR,Москва,2012-06-25T15:53:37+0400
"Программист-Универсал (JS, C++, Windows)",40000.0,75000.0,RUR,Макеевка,2013-06-21T10:17:37+0400
ASP.NET Full-stack разработчик,100000.0,130000.0,RUR,Москва,2016-01-25T16:42:12+0300
Web-разработчик,30000.0,40000.0,RUR,Калининград,2016-11-19T19:50:06+0300
Программист python (linux),60000.0,100000.0,RUR,Москва,2012-12-09T08:50:04+0400
IT-инженер,50000.0,50000.0,RUR,Ярославль,2019-06-17T14:58:56+0300
Таргетолог,40000.0,60000.0,RUR,Королев,2021-09-09T13:30:50+0300
Программист 1C 8,80000.0,100000.0,RUR,Москва,2014-07-06T21:33:24+0400
Специалист 1С,40000.0,60000.0,RUR,Ярославль,2018-03-26T15:44:48+0300
Технический специалист (удалённо),20000.0,30000.0,RUR,Волгоград,2021-07-06T16:24:27+0300
Консультант по настройке модулей SAP R/3,115000.0,125000.0,RUR,Москва,2008-08-08T10:09:15+0400
SEO-оптимизатор,30000.0,50000.0,RUR,Москва,2017-08-26T17:42:56+0300
Программист 1С,40000.0,45000.0,RUR,Тюмень,2018-06-14T07:54:59+0300
Аккаунт-менеджер,30000.0,40000.0,RUR,Иркутск,2019-08-19T05:05:00+0300
Аккаунт-менеджер/Менеджер по работе с клиентами,55000.0,150000.0,RUR,Москва,2017-07-27T12:22:52+0300
Оператор производственной линиии,35000.0,65000.0,RUR,Иловля,2021-10-04T14:08:09+0300
Контент-менеджер (редактор сайта),25000.0,25000.0,RUR,Москва,2011-07-12T20:16:33+0400
Программист PHP,13000.0,18000.0,RUR,Нижегородская область,2009-08-25T18:49:28+0400
Менеджер по продажам,20000.0,70000.0,RUR,Набережные Челны,2020-03-04T16:09:40+0300
E-mail верстальщик / Html верстальщик,5000.0,15000.0,RUR,Красный Луч,2012-06-14T11:21:37+0400
Проектный менеджер,50000.0,100000.0,RUR,Казань,2022-06-07T19:32:56+0300
Middle Fullstack С# Engineer,100000.0,160000.0,RUR,Санкт-Петербург,2020-03-17T19:30:48+0300
Менеджер по активным продажам в ИТ компанию,50000.0,100000.0,RUR,Санкт-Петербург,2020-01-29T11:48:01+0300
Web-программист,30000.0,60000.0,RUR,Краснодар,2017-08-28T12:12:55+0300
Методолог,95000.0,95000.0,RUR,Москва,2018-05-30T09:15:16+0300
Менеджер по продажам,35000.0,60000.0,RUR,Нижний Новгород,2018-11-04T14:57:53+0300
Web-дизайнер,20000.0,80000.0,RUR,Курильск,2015-10-23T16:33:46+0300
Руководитель проектов WMS,80000.0,100000.0,RUR,Москва,2014-07-27T08:29:09+0400
Оператор call-центра (удаленно),20000.0,32000.0,RUR,Бахчисарай,2021-02-20T09:25:48+0300
Менеджер по развитию интернет-проекта,30000.0,60000.0,RUR,Нижний Новгород,2016-12-23T11:22:59+0300
Специалист технической поддержки,25000.0,25000.0,RUR,Омск,2016-06-29T14:34:37+0300
SEO-специалист (e-commerce проект),40000.0,65000.0,RUR,Новосибирск,2019-09-19T07:52:32+0300
Контент менеджер / маркетолог,50000.0,70000.0,RUR,Москва,2020-03-06T18:22:23+0300
Web-разработчик / HTML-верстальщик,25000.0,30000.0,RUR,Новосибирск,2021-01-12T05:58:37+0300
React Software Engineer,70000.0,140000.0,RUR,Ульяновск,2020-06-18T16:06:39+0300
Специалист IT отдела / Системный администратор,27000.0,30000.0,RUR,Саратов,2017-10-16T16:27:51+0300
Системный администратор,13000.0,15000.0,RUR,Киров (Кировская область),2015-11-02T09:52:27+0300
Администратор проектов,50000.0,60000.0,RUR,Москва,2016-10-23T19:00:57+0300
Sr. Android Developer,130000.0,160000.0,RUR,Санкт-Петербург,2015-04-29T02:15:10+0300
System administrator,80000.0,120000.0,RUR,Москва,2019-12-15T19:32:50+0300
Пеший курьер в интернет-магазин,30000.0,40000.0,RUR,Москва,2019-03-05T13:21:32+0300
Оператор call-центра в интернет магазин,30000.0,100000.0,RUR,Москва,2013-12-14T21:31:41+0400
Менеджер по работе с дилерами,25000.0,30000.0,RUR,Красноярск,2018-07-16T12:50:19+0300
Программист PHP,50000.0,70000.0,RUR,Москва,2017-11-16T15:45:17+0300
Программист .NET,130000.0,180000.0,RUR,Екатеринбург,2021-01-22T11:43:16+0300
Специалист отдела продаж,25000.0,40000.0,RUR,Балаково,2015-10-23T12:44:57+0300
Контент-менеджер,25000.0,30000.0,RUR,Москва,2017-11-11T13:54:39+0300
Маркетолог помощьник менеджера,10000.0,20000.0,RUR,Ростов-на-Дону,2014-08-12T10:43:01+0400
Специалист по SEO-продвижению и контекстной рекламе,35000.0,50000.0,RUR,Иркутск,2016-09-07T11:03:08+0300
Менеджер по продажам,25000.0,50000.0,RUR,Зеленокумск,2014-09-17T20:32:23+0400
Администратор по обработке заказов в сфере образовательных услуг,20000.0,45000.0,RUR,Городище (Пензенская область),2015-05-18T15:27:32+0300
Middle Python Developer,160000.0,200000.0,RUR,Москва,2022-03-16T13:59:28+0300
Программист (разработчик) .NET,60000.0,80000.0,RUR,Тула,2015-04-16T10:28:08+0300
Помощник it-специалиста,18000.0,30000.0,RUR,Крымск,2017-05-23T19:01:16+0300
Менеджер по проектам,32000.0,55000.0,RUR,Санкт-Петербург,2015-12-07T09:25:39+0300
SEO-специалист,60000.0,110000.0,RUR,Москва,2020-03-15T07:36:16+0300
Специалист технической поддержки со знанием английского языка,25000.0,45000.0,RUR,Пермь,2019-08-08T14:59:09+0300
Старший программист 1С,60000.0,80000.0,RUR,Голицыно,2015-11-13T15:48:09+0300
Flash-программист,50000.0,90000.0,RUR,Москва,2010-11-30T13:21:58+0300
Инженер КТВ,25000.0,30000.0,RUR,Красноярск,2017-11-30T13:05:58+0300
Продавец-консультант ( м. Китай город ),48000.0,80000.0,RUR,Москва,2020-07-16T09:57:46+0300
Менеджер по продажам,24000.0,72000.0,RUR,Минеральные Воды,2019-06-10T17:26:07+0300
Программист-разработчик 1С,150000.0,180000.0,RUR,Нижний Новгород,2021-12-17T11:27:36+0300
Инженер-программист,40000.0,70000.0,RUR,Архангельск,2022-07-05T12:24:06+0300
Специалист интернет-проектов,40000.0,60000.0,RUR,Екатеринбург,2016-07-11T11:06:58+0300
Системный администратор,20000.0,40000.0,RUR,Екатеринбург,2017-03-04T14:11:49+0300
Системотехник,40000.0,50000.0,RUR,Москва,2020-06-19T17:24:34+0300
System Administrator (Help Desk),70000.0,80000.0,RUR,Москва,2017-01-13T16:12:10+0300
Контент-менеджер,30000.0,45000.0,RUR,Москва,2014-04-04T11:34:11+0400
IT-специалист,60000.0,80000.0,RUR,Москва,2012-01-30T07:35:00+0400
Frontend-разработчик,50000.0,110000.0,RUR,Томск,2017-12-15T06:15:30+0300
Инженер технической поддержки и мониторинга,50000.0,50000.0,RUR,Зеленоград,2020-01-15T14:58:53+0300
Smm-менеджер / smm-маркетолог,25000.0,40000.0,RUR,Челябинск,2019-06-17T10:19:34+0300
Account Manager (Менеджер),50000.0,70000.0,RUR,Москва,2012-10-03T10:53:35+0400
Ведущий менеджер по продажам в крупнейшее Digital агентство России,25000.0,62000.0,RUR,Волгоград,2019-04-19T11:17:06+0300
"Контент-менеджер, ассистент менеджера по работе с маркетплейсами ozon, беру (e-commerce)",45000.0,55000.0,RUR,Москва,2021-01-28T17:52:28+0300
Стажер-консультант по внедрению ERP Microsoft Dynamics NAV (Navision),15000.0,25000.0,RUR,Санкт-Петербург,2019-08-13T11:29:35+0300
Аналитик отдела продаж,30000.0,30000.0,RUR,Челябинск,2021-01-11T08:04:42+0300
PHP-программист,30000.0,50000.0,RUR,Санкт-Петербург,2012-11-06T21:26:54+0400
Веб-дизайнер,50000.0,70000.0,RUR,Москва,2014-01-30T17:19:09+0400
Менеджер-стажер,12000.0,35000.0,RUR,Красноярск,2012-10-10T05:36:31+0400
Ведущий специалист службы сопровождения корпоративно-информационных систем,90000.0,90000.0,RUR,Москва,2018-09-07T08:47:15+0300
Менеджер по продажам,15000.0,25000.0,RUR,Ясный,2016-02-08T08:49:08+0300
Преподаватель вебинаров по C# Unity 3d,20000.0,20000.0,RUR,Москва,2017-10-02T23:32:40+0300
Стажер инженер-программист (1С/ABAP),25000.0,30000.0,RUR,Тольятти,2021-11-19T11:34:57+0300
Middle PHP Developer (Bitrix),70000.0,100000.0,RUR,Энгельс,2018-09-23T13:30:09+0300
Оператор,18000.0,25000.0,RUR,Тумботино,2018-06-06T21:53:29+0300
Веб-дизайнер,20000.0,35000.0,RUR,Керчь,2013-05-25T14:38:03+0400
Менеджер по работе с клиентами,20000.0,30000.0,RUR,Ижевск,2019-11-06T17:25:50+0300
Инженер по техническому обслуживанию противопожарной защиты (Ямал),110000.0,130000.0,RUR,Пермь,2021-01-19T14:02:26+0300
Помощник системного администратора,20000.0,30000.0,RUR,Москва,2010-06-02T11:56:51+0400
PHP-разработчик программист (backend),45000.0,100000.0,RUR,Красноярск,2019-04-07T19:10:08+0300
Инженер-тестировщик программного обеспечения (мобильных приложений),18000.0,30000.0,RUR,Орел,2016-08-29T16:03:15+0300
Менеджер по продажам,35000.0,75000.0,RUR,Санкт-Петербург,2020-07-10T16:08:39+0300
.net разработчик,50000.0,80000.0,RUR,Ульяновск,2019-07-12T15:52:38+0300
"Менеджер по продажам, менеджер продаж",40000.0,70000.0,RUR,Москва,2011-06-16T11:00:33+0400
Работа для студентов,20000.0,80000.0,RUR,Феодосия,2015-09-21T13:25:36+0300
"Инженер по оборудованию (Глонасс ""АвтоГРАФ"", Новый Уренгой)",110000.0,110000.0,RUR,Уфа,2022-06-22T12:08:15+0300
Технический архитектор 1С v8,80000.0,140000.0,RUR,Москва,2011-04-28T10:14:23+0400
Ведущий консультант на внедрение 1С УПП / 1C ERP,50000.0,90000.0,RUR,Казань,2015-10-30T12:04:38+0300
Инженер по тестированию ПО (Web),20000.0,35000.0,RUR,Санкт-Петербург,2009-10-13T18:04:40+0400
Аналитик по продажам,50000.0,50000.0,RUR,Москва,2010-06-21T16:55:20+0400
Инженер по строительству БС сотовой связи,50000.0,100000.0,RUR,Москва,2015-09-25T00:48:50+0300
Оператор,18000.0,25000.0,RUR,Рязань,2018-06-12T18:53:38+0300
Интернет-маркетолог/SMM-менеджер,40000.0,75000.0,RUR,Москва,2013-11-15T08:22:39+0400
Менеджер проекта/маркетолог,20000.0,60000.0,RUR,Нижний Новгород,2017-06-15T19:33:38+0300
Системный администратор (г. Сочи),17500.0,20300.0,RUR,Канаш,2014-01-03T15:44:56+0400
Ведущий программист 1С,60000.0,100000.0,RUR,Новосибирск,2017-05-03T10:01:26+0300
Оператор на телефоне,20000.0,21000.0,RUR,Одинцово,2015-04-02T09:31:54+0300
Системный аналитик,40000.0,80000.0,RUR,Владивосток,2019-11-28T08:38:51+0300
Java разработчик тест,20000.0,30000.0,RUR,Ярославль,2014-06-27T09:41:57+0400
SMM-специалист,70000.0,90000.0,RUR,Москва,2017-01-09T10:41:05+0300
"Руководитель линии (Контактный центр, республика Карелия)",113000.0,140000.0,RUR,Самара,2020-07-06T16:56:08+0300
Специалист справочно-информационного центра,22000.0,26000.0,RUR,Москва,2013-08-14T12:47:19+0400
Программист 1С,75000.0,90000.0,RUR,Москва,2008-07-28T12:49:00+0400
Оператор,18000.0,25000.0,RUR,Крутоярский (Рязанская область),2018-06-09T06:54:00+0300
Продавец-консультант офиса продаж,35000.0,45000.0,RUR,Мурманск,2020-07-31T11:54:26+0300
Ведущий специалист SAP модуль QM,50000.0,110000.0,RUR,Пермь,2014-04-02T10:54:32+0400
Scala/Java Developer,100000.0,150000.0,RUR,Москва,2015-02-09T17:06:51+0300
Контент-редактор,20000.0,40000.0,RUR,Королев,2014-03-24T11:53:50+0400
Менеджер отдела продаж по работе с ключевыми клиентами,30000.0,35000.0,RUR,Ростов-на-Дону,2013-03-13T08:48:46+0400
Торговый представитель,30000.0,35000.0,RUR,Камышлов,2018-01-12T09:26:09+0300
Менеджер по продажам телекоммуникационных услуг,15000.0,25000.0,RUR,Саратов,2017-03-09T10:36:56+0300
"Frontend разработчик (React/Redux, TypeSript, Академгородок)",80000.0,150000.0,RUR,Новосибирск,2020-02-25T06:28:07+0300
"Разработчик / программист PHP, Drupal",30000.0,60000.0,RUR,Омск,2018-07-24T14:51:17+0300
Администратор сайтов,35000.0,40000.0,RUR,Саратов,2016-11-23T13:04:20+0300
Администратор сайта,25000.0,30000.0,RUR,Пятигорск,2020-02-07T09:15:16+0300
Менеджер проекта,50000.0,80000.0,RUR,Чебоксары,2020-10-13T17:43:48+0300
Разработчик Oracle+Delphi,30000.0,50000.0,RUR,Санкт-Петербург,2010-07-22T14:30:24+0400
Специалист по внедрению КИС,35000.0,45000.0,RUR,Санкт-Петербург,2013-04-30T13:23:21+0400
Специалист 1 линии поддержки облачных услуг,16000.0,20000.0,RUR,Томск,2017-11-03T20:33:07+0300
SEO-специалист,35000.0,50000.0,RUR,Москва,2008-07-29T11:55:58+0400
Менеджер отдела продаж,43000.0,100000.0,RUR,Саратов,2019-02-18T13:56:42+0300
"Веб-разработчик PHP, JS, HTML, CSS",40000.0,60000.0,RUR,Набережные Челны,2018-12-06T16:07:32+0300
Оператор,18000.0,25000.0,RUR,Городец,2018-06-08T11:57:29+0300
Программист 1C,20000.0,35000.0,RUR,Лаишево,2018-07-06T10:18:26+0300
Программист 1С (стажер),7000.0,10000.0,RUR,Москва,2008-03-24T18:22:11+0300
Программист баз данных,15000.0,30000.0,RUR,Уфа,2019-07-15T15:06:55+0300
Продавец-консультант,35000.0,50000.0,RUR,Москва,2020-04-03T09:05:23+0300
Ассистент-аналитик территориального менеджера,30000.0,30000.0,RUR,Самара,2019-03-07T12:03:59+0300
Оператор,18000.0,25000.0,RUR,Саров,2018-06-08T08:53:23+0300
Менеджер по работе с клиентами,30000.0,45000.0,RUR,Москва,2010-03-22T19:47:08+0300
SEO-специалист,30000.0,50000.0,RUR,Санкт-Петербург,2015-06-08T15:46:48+0300
Ведущий инженер первичной сети,29000.0,38000.0,RUR,Ростов-на-Дону,2017-10-08T11:27:04+0300
Стажер в финансовой компанию,43000.0,60500.0,RUR,Новосибирск,2019-12-03T06:45:38+0300
Менеджер по продажам,25000.0,50000.0,RUR,Пенза,2014-09-17T20:32:25+0400
Frontend-разработчик,40000.0,70000.0,RUR,Ростов-на-Дону,2021-01-14T16:57:06+0300
Инженер пульта централизованной охраны,20000.0,23000.0,RUR,Власиха,2020-09-25T11:43:26+0300
Монтажник,100000.0,115000.0,RUR,Левокумское,2020-03-26T11:09:23+0300
Менеджер по продажам,20000.0,50000.0,RUR,Иваново (Ивановская область),2013-08-20T15:28:45+0400
Менеджер проекта,30000.0,50000.0,RUR,Сегежа,2016-03-15T14:57:19+0300
Руководитель проектов 1С,90000.0,150000.0,RUR,Белогорск (Крым),2015-03-05T14:17:30+0300
Системный администратор,40000.0,40000.0,RUR,Москва,2008-06-02T10:22:08+0400
Репетитор по математике,25000.0,35000.0,RUR,Ульяновск,2020-03-12T22:36:24+0300
Front-end разработчик,90000.0,100000.0,RUR,Москва,2016-08-19T19:08:36+0300